ProductID,MakeFlag,FinishedGoodsFlag,NULL,Black,Silver,Red,White,Blue,Multi,Yellow,Grey,Silver/Black,SafetyStockLevel,ReorderPoint,StandardCost,ListPrice,margin,Size,S,M,L,XL,SizeUnitMeasureCode -CM,LB ,G  ,Weght,DaysToManufacture,NULL,R ,S ,M ,T ,NULL,L ,M ,H ,NULL,U ,W ,M ,SellStartDate,SellEndDate,DiscontinuedDate,ProductSubcategoryID
1,0,0,1,0,0,0,0,0,0,0,0,0,1000,750,0,0,0,0.00,0,0,0,0,0,0,0,0,0,1,0,0,0,0,1,0,0,0,1,0,0,0,6/1/2002,1/1/1901,1/1/1901,NULL
2,0,0,1,0,0,0,0,0,0,0,0,0,1000,750,0,0,0,0.00,0,0,0,0,0,0,0,0,0,1,0,0,0,0,1,0,0,0,1,0,0,0,6/1/2002,1/1/1901,1/1/1901,NULL
3,1,0,1,0,0,0,0,0,0,0,0,0,800,600,0,0,0,0.00,0,0,0,0,0,0,0,0,1,1,0,0,0,0,1,0,0,0,1,0,0,0,6/1/2002,1/1/1901,1/1/1901,NULL
4,0,0,1,0,0,0,0,0,0,0,0,0,800,600,0,0,0,0.00,0,0,0,0,0,0,0,0,0,1,0,0,0,0,1,0,0,0,1,0,0,0,6/1/2002,1/1/1901,1/1/1901,NULL
316,1,0,1,0,0,0,0,0,0,0,0,0,800,600,0,0,0,0.00,0,0,0,0,0,0,0,0,1,1,0,0,0,0,1,0,0,0,1,0,0,0,6/1/2002,1/1/1901,1/1/1901,NULL
317,0,0,0,1,0,0,0,0,0,0,0,0,500,375,0,0,0,0.00,0,0,0,0,0,0,0,0,0,1,0,0,0,0,0,1,0,0,1,0,0,0,6/1/2002,1/1/1901,1/1/1901,NULL
318,0,0,0,1,0,0,0,0,0,0,0,0,500,375,0,0,0,0.00,0,0,0,0,0,0,0,0,0,1,0,0,0,0,0,0,1,0,1,0,0,0,6/1/2002,1/1/1901,1/1/1901,NULL
319,0,0,0,1,0,0,0,0,0,0,0,0,500,375,0,0,0,0.00,0,0,0,0,0,0,0,0,0,1,0,0,0,0,1,0,0,0,1,0,0,0,6/1/2002,1/1/1901,1/1/1901,NULL
320,0,0,0,0,1,0,0,0,0,0,0,0,1000,750,0,0,0,0.00,0,0,0,0,0,0,0,0,0,1,0,0,0,0,1,0,0,0,1,0,0,0,6/1/2002,1/1/1901,1/1/1901,NULL
321,0,0,0,0,1,0,0,0,0,0,0,0,1000,750,0,0,0,0.00,0,0,0,0,0,0,0,0,0,1,0,0,0,0,1,0,0,0,1,0,0,0,6/1/2002,1/1/1901,1/1/1901,NULL
322,0,0,0,1,0,0,0,0,0,0,0,0,1000,750,0,0,0,0.00,0,0,0,0,0,0,0,0,0,1,0,0,0,0,1,0,0,0,1,0,0,0,6/1/2002,1/1/1901,1/1/1901,NULL
323,0,0,1,0,0,0,0,0,0,0,0,0,1000,750,0,0,0,0.00,0,0,0,0,0,0,0,0,0,1,0,0,0,0,1,0,0,0,1,0,0,0,6/1/2002,1/1/1901,1/1/1901,NULL
324,1,0,1,0,0,0,0,0,0,0,0,0,1000,750,0,0,0,0.00,0,0,0,0,0,0,0,0,1,1,0,0,0,0,1,0,0,0,1,0,0,0,6/1/2002,1/1/1901,1/1/1901,NULL
325,0,0,1,0,0,0,0,0,0,0,0,0,1000,750,0,0,0,0.00,0,0,0,0,0,0,0,0,0,1,0,0,0,0,1,0,0,0,1,0,0,0,6/1/2002,1/1/1901,1/1/1901,NULL
326,0,0,1,0,0,0,0,0,0,0,0,0,1000,750,0,0,0,0.00,0,0,0,0,0,0,0,0,0,1,0,0,0,0,1,0,0,0,1,0,0,0,6/1/2002,1/1/1901,1/1/1901,NULL
327,1,0,1,0,0,0,0,0,0,0,0,0,800,600,0,0,0,0.00,0,0,0,0,0,0,0,0,1,1,0,0,0,0,1,0,0,0,1,0,0,0,6/1/2002,1/1/1901,1/1/1901,NULL
328,1,0,1,0,0,0,0,0,0,0,0,0,1000,750,0,0,0,0.00,0,0,0,0,0,0,0,0,1,1,0,0,0,0,1,0,0,0,1,0,0,0,6/1/2002,1/1/1901,1/1/1901,NULL
329,1,0,1,0,0,0,0,0,0,0,0,0,1000,750,0,0,0,0.00,0,0,0,0,0,0,0,0,1,1,0,0,0,0,1,0,0,0,1,0,0,0,6/1/2002,1/1/1901,1/1/1901,NULL
330,1,0,1,0,0,0,0,0,0,0,0,0,1000,750,0,0,0,0.00,0,0,0,0,0,0,0,0,1,1,0,0,0,0,1,0,0,0,1,0,0,0,6/1/2002,1/1/1901,1/1/1901,NULL
331,1,0,1,0,0,0,0,0,0,0,0,0,800,600,0,0,0,0.00,0,0,0,0,0,0,0,0,1,1,0,0,0,0,1,0,0,0,1,0,0,0,6/1/2002,1/1/1901,1/1/1901,NULL
332,0,0,0,0,1,0,0,0,0,0,0,0,500,375,0,0,0,0.00,0,0,0,0,0,0,0,0,0,1,0,0,0,0,1,0,0,0,1,0,0,0,6/1/2002,1/1/1901,1/1/1901,NULL
341,0,0,1,0,0,0,0,0,0,0,0,0,1000,750,0,0,0,0.00,0,0,0,0,0,0,0,0,0,1,0,0,0,0,1,0,0,0,1,0,0,0,6/1/2002,1/1/1901,1/1/1901,NULL
342,0,0,1,0,0,0,0,0,0,0,0,0,1000,750,0,0,0,0.00,0,0,0,0,0,0,0,0,0,1,0,0,0,0,1,0,0,0,1,0,0,0,6/1/2002,1/1/1901,1/1/1901,NULL
343,0,0,1,0,0,0,0,0,0,0,0,0,1000,750,0,0,0,0.00,0,0,0,0,0,0,0,0,0,1,0,0,0,0,1,0,0,0,1,0,0,0,6/1/2002,1/1/1901,1/1/1901,NULL
344,0,0,1,0,0,0,0,0,0,0,0,0,1000,750,0,0,0,0.00,0,0,0,0,0,0,0,0,0,1,0,0,0,0,1,0,0,0,1,0,0,0,6/1/2002,1/1/1901,1/1/1901,NULL
345,0,0,1,0,0,0,0,0,0,0,0,0,1000,750,0,0,0,0.00,0,0,0,0,0,0,0,0,0,1,0,0,0,0,1,0,0,0,1,0,0,0,6/1/2002,1/1/1901,1/1/1901,NULL
346,0,0,1,0,0,0,0,0,0,0,0,0,1000,750,0,0,0,0.00,0,0,0,0,0,0,0,0,0,1,0,0,0,0,1,0,0,0,1,0,0,0,6/1/2002,1/1/1901,1/1/1901,NULL
347,0,0,1,0,0,0,0,0,0,0,0,0,1000,750,0,0,0,0.00,0,0,0,0,0,0,0,0,0,1,0,0,0,0,1,0,0,0,1,0,0,0,6/1/2002,1/1/1901,1/1/1901,NULL
348,0,0,1,0,0,0,0,0,0,0,0,0,1000,750,0,0,0,0.00,0,0,0,0,0,0,0,0,0,1,0,0,0,0,1,0,0,0,1,0,0,0,6/1/2002,1/1/1901,1/1/1901,NULL
349,0,0,1,0,0,0,0,0,0,0,0,0,1000,750,0,0,0,0.00,0,0,0,0,0,0,0,0,0,1,0,0,0,0,1,0,0,0,1,0,0,0,6/1/2002,1/1/1901,1/1/1901,NULL
350,1,0,1,0,0,0,0,0,0,0,0,0,800,600,0,0,0,0.00,0,0,0,0,0,0,0,0,1,1,0,0,0,0,1,0,0,0,1,0,0,0,6/1/2002,1/1/1901,1/1/1901,NULL
351,0,0,0,0,1,0,0,0,0,0,0,0,800,600,0,0,0,0.00,0,0,0,0,0,0,0,0,0,1,0,0,0,0,1,0,0,0,1,0,0,0,6/1/2002,1/1/1901,1/1/1901,NULL
352,0,0,0,0,1,0,0,0,0,0,0,0,800,600,0,0,0,0.00,0,0,0,0,0,0,0,0,0,1,0,0,0,0,1,0,0,0,1,0,0,0,6/1/2002,1/1/1901,1/1/1901,NULL
355,0,0,1,0,0,0,0,0,0,0,0,0,800,600,0,0,0,0.00,0,0,0,0,0,0,0,0,0,1,0,0,0,0,1,0,0,0,1,0,0,0,6/1/2002,1/1/1901,1/1/1901,NULL
356,0,0,1,0,0,0,0,0,0,0,0,0,800,600,0,0,0,0.00,0,0,0,0,0,0,0,0,0,1,0,0,0,0,0,1,0,0,1,0,0,0,6/1/2002,1/1/1901,1/1/1901,NULL
357,0,0,1,0,0,0,0,0,0,0,0,0,800,600,0,0,0,0.00,0,0,0,0,0,0,0,0,0,1,0,0,0,0,0,0,1,0,1,0,0,0,6/1/2002,1/1/1901,1/1/1901,NULL
358,0,0,1,0,0,0,0,0,0,0,0,0,800,600,0,0,0,0.00,0,0,0,0,0,0,0,0,0,1,0,0,0,0,1,0,0,0,1,0,0,0,6/1/2002,1/1/1901,1/1/1901,NULL
359,0,0,1,0,0,0,0,0,0,0,0,0,1000,750,0,0,0,0.00,0,0,0,0,0,0,0,0,0,1,0,0,0,0,1,0,0,0,1,0,0,0,6/1/2002,1/1/1901,1/1/1901,NULL
360,0,0,1,0,0,0,0,0,0,0,0,0,1000,750,0,0,0,0.00,0,0,0,0,0,0,0,0,0,1,0,0,0,0,1,0,0,0,1,0,0,0,6/1/2002,1/1/1901,1/1/1901,NULL
361,0,0,1,0,0,0,0,0,0,0,0,0,1000,750,0,0,0,0.00,0,0,0,0,0,0,0,0,0,1,0,0,0,0,1,0,0,0,1,0,0,0,6/1/2002,1/1/1901,1/1/1901,NULL
362,0,0,1,0,0,0,0,0,0,0,0,0,1000,750,0,0,0,0.00,0,0,0,0,0,0,0,0,0,1,0,0,0,0,1,0,0,0,1,0,0,0,6/1/2002,1/1/1901,1/1/1901,NULL
363,0,0,1,0,0,0,0,0,0,0,0,0,1000,750,0,0,0,0.00,0,0,0,0,0,0,0,0,0,1,0,0,0,0,1,0,0,0,1,0,0,0,6/1/2002,1/1/1901,1/1/1901,NULL
364,0,0,1,0,0,0,0,0,0,0,0,0,1000,750,0,0,0,0.00,0,0,0,0,0,0,0,0,0,1,0,0,0,0,1,0,0,0,1,0,0,0,6/1/2002,1/1/1901,1/1/1901,NULL
365,0,0,1,0,0,0,0,0,0,0,0,0,1000,750,0,0,0,0.00,0,0,0,0,0,0,0,0,0,1,0,0,0,0,1,0,0,0,1,0,0,0,6/1/2002,1/1/1901,1/1/1901,NULL
366,0,0,1,0,0,0,0,0,0,0,0,0,1000,750,0,0,0,0.00,0,0,0,0,0,0,0,0,0,1,0,0,0,0,1,0,0,0,1,0,0,0,6/1/2002,1/1/1901,1/1/1901,NULL
367,0,0,1,0,0,0,0,0,0,0,0,0,1000,750,0,0,0,0.00,0,0,0,0,0,0,0,0,0,1,0,0,0,0,1,0,0,0,1,0,0,0,6/1/2002,1/1/1901,1/1/1901,NULL
368,0,0,1,0,0,0,0,0,0,0,0,0,1000,750,0,0,0,0.00,0,0,0,0,0,0,0,0,0,1,0,0,0,0,1,0,0,0,1,0,0,0,6/1/2002,1/1/1901,1/1/1901,NULL
369,0,0,1,0,0,0,0,0,0,0,0,0,1000,750,0,0,0,0.00,0,0,0,0,0,0,0,0,0,1,0,0,0,0,1,0,0,0,1,0,0,0,6/1/2002,1/1/1901,1/1/1901,NULL
370,0,0,1,0,0,0,0,0,0,0,0,0,1000,750,0,0,0,0.00,0,0,0,0,0,0,0,0,0,1,0,0,0,0,1,0,0,0,1,0,0,0,6/1/2002,1/1/1901,1/1/1901,NULL
371,0,0,1,0,0,0,0,0,0,0,0,0,1000,750,0,0,0,0.00,0,0,0,0,0,0,0,0,0,1,0,0,0,0,1,0,0,0,1,0,0,0,6/1/2002,1/1/1901,1/1/1901,NULL
372,0,0,1,0,0,0,0,0,0,0,0,0,1000,750,0,0,0,0.00,0,0,0,0,0,0,0,0,0,1,0,0,0,0,1,0,0,0,1,0,0,0,6/1/2002,1/1/1901,1/1/1901,NULL
373,0,0,1,0,0,0,0,0,0,0,0,0,1000,750,0,0,0,0.00,0,0,0,0,0,0,0,0,0,1,0,0,0,0,1,0,0,0,1,0,0,0,6/1/2002,1/1/1901,1/1/1901,NULL
374,0,0,1,0,0,0,0,0,0,0,0,0,1000,750,0,0,0,0.00,0,0,0,0,0,0,0,0,0,1,0,0,0,0,1,0,0,0,1,0,0,0,6/1/2002,1/1/1901,1/1/1901,NULL
375,0,0,1,0,0,0,0,0,0,0,0,0,1000,750,0,0,0,0.00,0,0,0,0,0,0,0,0,0,1,0,0,0,0,1,0,0,0,1,0,0,0,6/1/2002,1/1/1901,1/1/1901,NULL
376,0,0,1,0,0,0,0,0,0,0,0,0,1000,750,0,0,0,0.00,0,0,0,0,0,0,0,0,0,1,0,0,0,0,1,0,0,0,1,0,0,0,6/1/2002,1/1/1901,1/1/1901,NULL
377,0,0,1,0,0,0,0,0,0,0,0,0,1000,750,0,0,0,0.00,0,0,0,0,0,0,0,0,0,1,0,0,0,0,1,0,0,0,1,0,0,0,6/1/2002,1/1/1901,1/1/1901,NULL
378,0,0,1,0,0,0,0,0,0,0,0,0,1000,750,0,0,0,0.00,0,0,0,0,0,0,0,0,0,1,0,0,0,0,1,0,0,0,1,0,0,0,6/1/2002,1/1/1901,1/1/1901,NULL
379,0,0,1,0,0,0,0,0,0,0,0,0,1000,750,0,0,0,0.00,0,0,0,0,0,0,0,0,0,1,0,0,0,0,1,0,0,0,1,0,0,0,6/1/2002,1/1/1901,1/1/1901,NULL
380,0,0,1,0,0,0,0,0,0,0,0,0,1000,750,0,0,0,0.00,0,0,0,0,0,0,0,0,0,1,0,0,0,0,1,0,0,0,1,0,0,0,6/1/2002,1/1/1901,1/1/1901,NULL
381,0,0,1,0,0,0,0,0,0,0,0,0,1000,750,0,0,0,0.00,0,0,0,0,0,0,0,0,0,1,0,0,0,0,1,0,0,0,1,0,0,0,6/1/2002,1/1/1901,1/1/1901,NULL
382,0,0,1,0,0,0,0,0,0,0,0,0,1000,750,0,0,0,0.00,0,0,0,0,0,0,0,0,0,1,0,0,0,0,1,0,0,0,1,0,0,0,6/1/2002,1/1/1901,1/1/1901,NULL
383,0,0,1,0,0,0,0,0,0,0,0,0,1000,750,0,0,0,0.00,0,0,0,0,0,0,0,0,0,1,0,0,0,0,1,0,0,0,1,0,0,0,6/1/2002,1/1/1901,1/1/1901,NULL
384,0,0,1,0,0,0,0,0,0,0,0,0,1000,750,0,0,0,0.00,0,0,0,0,0,0,0,0,0,1,0,0,0,0,1,0,0,0,1,0,0,0,6/1/2002,1/1/1901,1/1/1901,NULL
385,0,0,1,0,0,0,0,0,0,0,0,0,1000,750,0,0,0,0.00,0,0,0,0,0,0,0,0,0,1,0,0,0,0,1,0,0,0,1,0,0,0,6/1/2002,1/1/1901,1/1/1901,NULL
386,0,0,1,0,0,0,0,0,0,0,0,0,1000,750,0,0,0,0.00,0,0,0,0,0,0,0,0,0,1,0,0,0,0,1,0,0,0,1,0,0,0,6/1/2002,1/1/1901,1/1/1901,NULL
387,0,0,1,0,0,0,0,0,0,0,0,0,1000,750,0,0,0,0.00,0,0,0,0,0,0,0,0,0,1,0,0,0,0,1,0,0,0,1,0,0,0,6/1/2002,1/1/1901,1/1/1901,NULL
388,0,0,1,0,0,0,0,0,0,0,0,0,1000,750,0,0,0,0.00,0,0,0,0,0,0,0,0,0,1,0,0,0,0,1,0,0,0,1,0,0,0,6/1/2002,1/1/1901,1/1/1901,NULL
389,0,0,1,0,0,0,0,0,0,0,0,0,1000,750,0,0,0,0.00,0,0,0,0,0,0,0,0,0,1,0,0,0,0,1,0,0,0,1,0,0,0,6/1/2002,1/1/1901,1/1/1901,NULL
390,0,0,1,0,0,0,0,0,0,0,0,0,1000,750,0,0,0,0.00,0,0,0,0,0,0,0,0,0,1,0,0,0,0,1,0,0,0,1,0,0,0,6/1/2002,1/1/1901,1/1/1901,NULL
391,0,0,1,0,0,0,0,0,0,0,0,0,1000,750,0,0,0,0.00,0,0,0,0,0,0,0,0,0,1,0,0,0,0,1,0,0,0,1,0,0,0,6/1/2002,1/1/1901,1/1/1901,NULL
392,0,0,1,0,0,0,0,0,0,0,0,0,1000,750,0,0,0,0.00,0,0,0,0,0,0,0,0,0,1,0,0,0,0,1,0,0,0,1,0,0,0,6/1/2002,1/1/1901,1/1/1901,NULL
393,0,0,1,0,0,0,0,0,0,0,0,0,1000,750,0,0,0,0.00,0,0,0,0,0,0,0,0,0,1,0,0,0,0,1,0,0,0,1,0,0,0,6/1/2002,1/1/1901,1/1/1901,NULL
394,0,0,1,0,0,0,0,0,0,0,0,0,1000,750,0,0,0,0.00,0,0,0,0,0,0,0,0,0,1,0,0,0,0,1,0,0,0,1,0,0,0,6/1/2002,1/1/1901,1/1/1901,NULL
395,0,0,1,0,0,0,0,0,0,0,0,0,1000,750,0,0,0,0.00,0,0,0,0,0,0,0,0,0,1,0,0,0,0,1,0,0,0,1,0,0,0,6/1/2002,1/1/1901,1/1/1901,NULL
396,0,0,1,0,0,0,0,0,0,0,0,0,1000,750,0,0,0,0.00,0,0,0,0,0,0,0,0,0,1,0,0,0,0,1,0,0,0,1,0,0,0,6/1/2002,1/1/1901,1/1/1901,NULL
397,0,0,1,0,0,0,0,0,0,0,0,0,1000,750,0,0,0,0.00,0,0,0,0,0,0,0,0,0,1,0,0,0,0,1,0,0,0,1,0,0,0,6/1/2002,1/1/1901,1/1/1901,NULL
398,1,0,1,0,0,0,0,0,0,0,0,0,800,600,0,0,0,0.00,0,0,0,0,0,0,0,0,1,1,0,0,0,0,1,0,0,0,1,0,0,0,6/1/2002,1/1/1901,1/1/1901,NULL
399,1,0,1,0,0,0,0,0,0,0,0,0,800,600,0,0,0,0.00,0,0,0,0,0,0,0,0,1,1,0,0,0,0,1,0,0,0,1,0,0,0,6/1/2002,1/1/1901,1/1/1901,NULL
400,1,0,1,0,0,0,0,0,0,0,0,0,500,375,0,0,0,0.00,0,0,0,0,0,0,0,0,1,1,0,0,0,0,0,1,0,0,1,0,0,0,6/1/2002,1/1/1901,1/1/1901,NULL
401,1,0,1,0,0,0,0,0,0,0,0,0,500,375,0,0,0,0.00,0,0,0,0,0,0,0,0,1,1,0,0,0,0,1,0,0,0,1,0,0,0,6/1/2002,1/1/1901,1/1/1901,NULL
402,0,0,1,0,0,0,0,0,0,0,0,0,1000,750,0,0,0,0.00,0,0,0,0,0,0,0,0,0,1,0,0,0,0,1,0,0,0,1,0,0,0,6/1/2002,1/1/1901,1/1/1901,NULL
403,0,0,1,0,0,0,0,0,0,0,0,0,1000,750,0,0,0,0.00,0,0,0,0,0,0,0,0,0,1,0,0,0,0,1,0,0,0,1,0,0,0,6/1/2002,1/1/1901,1/1/1901,NULL
404,0,0,1,0,0,0,0,0,0,0,0,0,1000,750,0,0,0,0.00,0,0,0,0,0,0,0,0,0,1,0,0,0,0,1,0,0,0,1,0,0,0,6/1/2002,1/1/1901,1/1/1901,NULL
405,0,0,1,0,0,0,0,0,0,0,0,0,1000,750,0,0,0,0.00,0,0,0,0,0,0,0,0,0,1,0,0,0,0,1,0,0,0,1,0,0,0,6/1/2002,1/1/1901,1/1/1901,NULL
406,0,0,1,0,0,0,0,0,0,0,0,0,1000,750,0,0,0,0.00,0,0,0,0,0,0,0,0,0,1,0,0,0,0,1,0,0,0,1,0,0,0,6/1/2002,1/1/1901,1/1/1901,NULL
407,0,0,1,0,0,0,0,0,0,0,0,0,1000,750,0,0,0,0.00,0,0,0,0,0,0,0,0,0,1,0,0,0,0,1,0,0,0,1,0,0,0,6/1/2002,1/1/1901,1/1/1901,NULL
408,0,0,1,0,0,0,0,0,0,0,0,0,1000,750,0,0,0,0.00,0,0,0,0,0,0,0,0,0,1,0,0,0,0,1,0,0,0,1,0,0,0,6/1/2002,1/1/1901,1/1/1901,NULL
409,0,0,1,0,0,0,0,0,0,0,0,0,1000,750,0,0,0,0.00,0,0,0,0,0,0,0,0,0,1,0,0,0,0,1,0,0,0,1,0,0,0,6/1/2002,1/1/1901,1/1/1901,NULL
410,0,0,1,0,0,0,0,0,0,0,0,0,1000,750,0,0,0,0.00,0,0,0,0,0,0,0,0,0,1,0,0,0,0,1,0,0,0,1,0,0,0,6/1/2002,1/1/1901,1/1/1901,NULL
411,0,0,1,0,0,0,0,0,0,0,0,0,1000,750,0,0,0,0.00,0,0,0,0,0,0,0,0,0,1,0,0,0,0,1,0,0,0,1,0,0,0,6/1/2002,1/1/1901,1/1/1901,NULL
412,0,0,1,0,0,0,0,0,0,0,0,0,1000,750,0,0,0,0.00,0,0,0,0,0,0,0,0,0,1,0,0,0,0,1,0,0,0,1,0,0,0,6/1/2002,1/1/1901,1/1/1901,NULL
413,0,0,1,0,0,0,0,0,0,0,0,0,1000,750,0,0,0,0.00,0,0,0,0,0,0,0,0,0,1,0,0,0,0,1,0,0,0,1,0,0,0,6/1/2002,1/1/1901,1/1/1901,NULL
414,0,0,1,0,0,0,0,0,0,0,0,0,1000,750,0,0,0,0.00,0,0,0,0,0,0,0,0,0,1,0,0,0,0,1,0,0,0,1,0,0,0,6/1/2002,1/1/1901,1/1/1901,NULL
415,0,0,1,0,0,0,0,0,0,0,0,0,1000,750,0,0,0,0.00,0,0,0,0,0,0,0,0,0,1,0,0,0,0,1,0,0,0,1,0,0,0,6/1/2002,1/1/1901,1/1/1901,NULL
416,0,0,1,0,0,0,0,0,0,0,0,0,1000,750,0,0,0,0.00,0,0,0,0,0,0,0,0,0,1,0,0,0,0,1,0,0,0,1,0,0,0,6/1/2002,1/1/1901,1/1/1901,NULL
417,0,0,1,0,0,0,0,0,0,0,0,0,1000,750,0,0,0,0.00,0,0,0,0,0,0,0,0,0,1,0,0,0,0,1,0,0,0,1,0,0,0,6/1/2002,1/1/1901,1/1/1901,NULL
418,0,0,1,0,0,0,0,0,0,0,0,0,1000,750,0,0,0,0.00,0,0,0,0,0,0,0,0,0,1,0,0,0,0,1,0,0,0,1,0,0,0,6/1/2002,1/1/1901,1/1/1901,NULL
419,0,0,1,0,0,0,0,0,0,0,0,0,1000,750,0,0,0,0.00,0,0,0,0,0,0,0,0,0,1,0,0,0,0,1,0,0,0,1,0,0,0,6/1/2002,1/1/1901,1/1/1901,NULL
420,0,0,1,0,0,0,0,0,0,0,0,0,1000,750,0,0,0,0.00,0,0,0,0,0,0,0,0,0,1,0,0,0,0,1,0,0,0,1,0,0,0,6/1/2002,1/1/1901,1/1/1901,NULL
421,0,0,1,0,0,0,0,0,0,0,0,0,1000,750,0,0,0,0.00,0,0,0,0,0,0,0,0,0,1,0,0,0,0,1,0,0,0,1,0,0,0,6/1/2002,1/1/1901,1/1/1901,NULL
422,0,0,1,0,0,0,0,0,0,0,0,0,1000,750,0,0,0,0.00,0,0,0,0,0,0,0,0,0,1,0,0,0,0,1,0,0,0,1,0,0,0,6/1/2002,1/1/1901,1/1/1901,NULL
423,0,0,1,0,0,0,0,0,0,0,0,0,1000,750,0,0,0,0.00,0,0,0,0,0,0,0,0,0,1,0,0,0,0,1,0,0,0,1,0,0,0,6/1/2002,1/1/1901,1/1/1901,NULL
424,0,0,1,0,0,0,0,0,0,0,0,0,1000,750,0,0,0,0.00,0,0,0,0,0,0,0,0,0,1,0,0,0,0,1,0,0,0,1,0,0,0,6/1/2002,1/1/1901,1/1/1901,NULL
425,0,0,1,0,0,0,0,0,0,0,0,0,1000,750,0,0,0,0.00,0,0,0,0,0,0,0,0,0,1,0,0,0,0,1,0,0,0,1,0,0,0,6/1/2002,1/1/1901,1/1/1901,NULL
426,0,0,1,0,0,0,0,0,0,0,0,0,1000,750,0,0,0,0.00,0,0,0,0,0,0,0,0,0,1,0,0,0,0,1,0,0,0,1,0,0,0,6/1/2002,1/1/1901,1/1/1901,NULL
427,0,0,1,0,0,0,0,0,0,0,0,0,1000,750,0,0,0,0.00,0,0,0,0,0,0,0,0,0,1,0,0,0,0,1,0,0,0,1,0,0,0,6/1/2002,1/1/1901,1/1/1901,NULL
428,0,0,1,0,0,0,0,0,0,0,0,0,1000,750,0,0,0,0.00,0,0,0,0,0,0,0,0,0,1,0,0,0,0,1,0,0,0,1,0,0,0,6/1/2002,1/1/1901,1/1/1901,NULL
429,0,0,1,0,0,0,0,0,0,0,0,0,1000,750,0,0,0,0.00,0,0,0,0,0,0,0,0,0,1,0,0,0,0,1,0,0,0,1,0,0,0,6/1/2002,1/1/1901,1/1/1901,NULL
430,0,0,1,0,0,0,0,0,0,0,0,0,1000,750,0,0,0,0.00,0,0,0,0,0,0,0,0,0,1,0,0,0,0,1,0,0,0,1,0,0,0,6/1/2002,1/1/1901,1/1/1901,NULL
431,0,0,1,0,0,0,0,0,0,0,0,0,1000,750,0,0,0,0.00,0,0,0,0,0,0,0,0,0,1,0,0,0,0,1,0,0,0,1,0,0,0,6/1/2002,1/1/1901,1/1/1901,NULL
432,0,0,1,0,0,0,0,0,0,0,0,0,1000,750,0,0,0,0.00,0,0,0,0,0,0,0,0,0,1,0,0,0,0,1,0,0,0,1,0,0,0,6/1/2002,1/1/1901,1/1/1901,NULL
433,0,0,1,0,0,0,0,0,0,0,0,0,1000,750,0,0,0,0.00,0,0,0,0,0,0,0,0,0,1,0,0,0,0,1,0,0,0,1,0,0,0,6/1/2002,1/1/1901,1/1/1901,NULL
434,0,0,1,0,0,0,0,0,0,0,0,0,1000,750,0,0,0,0.00,0,0,0,0,0,0,0,0,0,1,0,0,0,0,1,0,0,0,1,0,0,0,6/1/2002,1/1/1901,1/1/1901,NULL
435,0,0,1,0,0,0,0,0,0,0,0,0,1000,750,0,0,0,0.00,0,0,0,0,0,0,0,0,0,1,0,0,0,0,1,0,0,0,1,0,0,0,6/1/2002,1/1/1901,1/1/1901,NULL
436,0,0,1,0,0,0,0,0,0,0,0,0,1000,750,0,0,0,0.00,0,0,0,0,0,0,0,0,0,1,0,0,0,0,1,0,0,0,1,0,0,0,6/1/2002,1/1/1901,1/1/1901,NULL
437,0,0,1,0,0,0,0,0,0,0,0,0,1000,750,0,0,0,0.00,0,0,0,0,0,0,0,0,0,1,0,0,0,0,1,0,0,0,1,0,0,0,6/1/2002,1/1/1901,1/1/1901,NULL
438,0,0,1,0,0,0,0,0,0,0,0,0,1000,750,0,0,0,0.00,0,0,0,0,0,0,0,0,0,1,0,0,0,0,1,0,0,0,1,0,0,0,6/1/2002,1/1/1901,1/1/1901,NULL
439,0,0,1,0,0,0,0,0,0,0,0,0,1000,750,0,0,0,0.00,0,0,0,0,0,0,0,0,0,1,0,0,0,0,1,0,0,0,1,0,0,0,6/1/2002,1/1/1901,1/1/1901,NULL
440,0,0,1,0,0,0,0,0,0,0,0,0,1000,750,0,0,0,0.00,0,0,0,0,0,0,0,0,0,1,0,0,0,0,1,0,0,0,1,0,0,0,6/1/2002,1/1/1901,1/1/1901,NULL
441,0,0,1,0,0,0,0,0,0,0,0,0,1000,750,0,0,0,0.00,0,0,0,0,0,0,0,0,0,1,0,0,0,0,1,0,0,0,1,0,0,0,6/1/2002,1/1/1901,1/1/1901,NULL
442,0,0,1,0,0,0,0,0,0,0,0,0,1000,750,0,0,0,0.00,0,0,0,0,0,0,0,0,0,1,0,0,0,0,1,0,0,0,1,0,0,0,6/1/2002,1/1/1901,1/1/1901,NULL
443,0,0,1,0,0,0,0,0,0,0,0,0,1000,750,0,0,0,0.00,0,0,0,0,0,0,0,0,0,1,0,0,0,0,1,0,0,0,1,0,0,0,6/1/2002,1/1/1901,1/1/1901,NULL
444,0,0,1,0,0,0,0,0,0,0,0,0,1000,750,0,0,0,0.00,0,0,0,0,0,0,0,0,0,1,0,0,0,0,1,0,0,0,1,0,0,0,6/1/2002,1/1/1901,1/1/1901,NULL
445,0,0,1,0,0,0,0,0,0,0,0,0,1000,750,0,0,0,0.00,0,0,0,0,0,0,0,0,0,1,0,0,0,0,1,0,0,0,1,0,0,0,6/1/2002,1/1/1901,1/1/1901,NULL
446,0,0,1,0,0,0,0,0,0,0,0,0,1000,750,0,0,0,0.00,0,0,0,0,0,0,0,0,0,1,0,0,0,0,1,0,0,0,1,0,0,0,6/1/2002,1/1/1901,1/1/1901,NULL
447,0,0,1,0,0,0,0,0,0,0,0,0,1000,750,0,0,0,0.00,0,0,0,0,0,0,0,0,0,1,0,0,0,0,1,0,0,0,1,0,0,0,6/1/2002,1/1/1901,1/1/1901,NULL
448,0,0,1,0,0,0,0,0,0,0,0,0,1000,750,0,0,0,0.00,0,0,0,0,0,0,0,0,0,1,0,0,0,0,1,0,0,0,1,0,0,0,6/1/2002,1/1/1901,1/1/1901,NULL
449,0,0,1,0,0,0,0,0,0,0,0,0,1000,750,0,0,0,0.00,0,0,0,0,0,0,0,0,0,1,0,0,0,0,1,0,0,0,1,0,0,0,6/1/2002,1/1/1901,1/1/1901,NULL
450,0,0,1,0,0,0,0,0,0,0,0,0,1000,750,0,0,0,0.00,0,0,0,0,0,0,0,0,0,1,0,0,0,0,1,0,0,0,1,0,0,0,6/1/2002,1/1/1901,1/1/1901,NULL
451,0,0,1,0,0,0,0,0,0,0,0,0,1000,750,0,0,0,0.00,0,0,0,0,0,0,0,0,0,1,0,0,0,0,1,0,0,0,1,0,0,0,6/1/2002,1/1/1901,1/1/1901,NULL
452,0,0,1,0,0,0,0,0,0,0,0,0,1000,750,0,0,0,0.00,0,0,0,0,0,0,0,0,0,1,0,0,0,0,1,0,0,0,1,0,0,0,6/1/2002,1/1/1901,1/1/1901,NULL
453,0,0,1,0,0,0,0,0,0,0,0,0,1000,750,0,0,0,0.00,0,0,0,0,0,0,0,0,0,1,0,0,0,0,1,0,0,0,1,0,0,0,6/1/2002,1/1/1901,1/1/1901,NULL
454,0,0,1,0,0,0,0,0,0,0,0,0,1000,750,0,0,0,0.00,0,0,0,0,0,0,0,0,0,1,0,0,0,0,1,0,0,0,1,0,0,0,6/1/2002,1/1/1901,1/1/1901,NULL
455,0,0,1,0,0,0,0,0,0,0,0,0,1000,750,0,0,0,0.00,0,0,0,0,0,0,0,0,0,1,0,0,0,0,1,0,0,0,1,0,0,0,6/1/2002,1/1/1901,1/1/1901,NULL
456,0,0,1,0,0,0,0,0,0,0,0,0,1000,750,0,0,0,0.00,0,0,0,0,0,0,0,0,0,1,0,0,0,0,1,0,0,0,1,0,0,0,6/1/2002,1/1/1901,1/1/1901,NULL
457,0,0,1,0,0,0,0,0,0,0,0,0,1000,750,0,0,0,0.00,0,0,0,0,0,0,0,0,0,1,0,0,0,0,1,0,0,0,1,0,0,0,6/1/2002,1/1/1901,1/1/1901,NULL
458,0,0,1,0,0,0,0,0,0,0,0,0,1000,750,0,0,0,0.00,0,0,0,0,0,0,0,0,0,1,0,0,0,0,1,0,0,0,1,0,0,0,6/1/2002,1/1/1901,1/1/1901,NULL
459,0,0,1,0,0,0,0,0,0,0,0,0,1000,750,0,0,0,0.00,0,0,0,0,0,0,0,0,0,1,0,0,0,0,1,0,0,0,1,0,0,0,6/1/2002,1/1/1901,1/1/1901,NULL
460,0,0,1,0,0,0,0,0,0,0,0,0,1000,750,0,0,0,0.00,0,0,0,0,0,0,0,0,0,1,0,0,0,0,1,0,0,0,1,0,0,0,6/1/2002,1/1/1901,1/1/1901,NULL
461,0,0,0,0,1,0,0,0,0,0,0,0,1000,750,0,0,0,0.00,0,0,0,0,0,0,0,0,0,1,0,0,0,0,1,0,0,0,1,0,0,0,6/1/2002,1/1/1901,1/1/1901,NULL
462,0,0,1,0,0,0,0,0,0,0,0,0,1000,750,0,0,0,0.00,0,0,0,0,0,0,0,0,0,1,0,0,0,0,1,0,0,0,1,0,0,0,6/1/2002,1/1/1901,1/1/1901,NULL
463,0,0,1,0,0,0,0,0,0,0,0,0,1000,750,0,0,0,0.00,0,0,0,0,0,0,0,0,0,1,0,0,0,0,1,0,0,0,1,0,0,0,6/1/2002,1/1/1901,1/1/1901,NULL
464,0,0,1,0,0,0,0,0,0,0,0,0,1000,750,0,0,0,0.00,0,0,0,0,0,0,0,0,0,1,0,0,0,0,1,0,0,0,1,0,0,0,6/1/2002,1/1/1901,1/1/1901,NULL
465,0,0,1,0,0,0,0,0,0,0,0,0,1000,750,0,0,0,0.00,0,0,0,0,0,0,0,0,0,1,0,0,0,0,1,0,0,0,1,0,0,0,6/1/2002,1/1/1901,1/1/1901,NULL
466,0,0,1,0,0,0,0,0,0,0,0,0,1000,750,0,0,0,0.00,0,0,0,0,0,0,0,0,0,1,0,0,0,0,1,0,0,0,1,0,0,0,6/1/2002,1/1/1901,1/1/1901,NULL
467,0,0,1,0,0,0,0,0,0,0,0,0,1000,750,0,0,0,0.00,0,0,0,0,0,0,0,0,0,1,0,0,0,0,1,0,0,0,1,0,0,0,6/1/2002,1/1/1901,1/1/1901,NULL
468,0,0,1,0,0,0,0,0,0,0,0,0,1000,750,0,0,0,0.00,0,0,0,0,0,0,0,0,0,1,0,0,0,0,1,0,0,0,1,0,0,0,6/1/2002,1/1/1901,1/1/1901,NULL
469,0,0,1,0,0,0,0,0,0,0,0,0,1000,750,0,0,0,0.00,0,0,0,0,0,0,0,0,0,1,0,0,0,0,1,0,0,0,1,0,0,0,6/1/2002,1/1/1901,1/1/1901,NULL
470,0,0,1,0,0,0,0,0,0,0,0,0,1000,750,0,0,0,0.00,0,0,0,0,0,0,0,0,0,1,0,0,0,0,1,0,0,0,1,0,0,0,6/1/2002,1/1/1901,1/1/1901,NULL
471,0,0,1,0,0,0,0,0,0,0,0,0,1000,750,0,0,0,0.00,0,0,0,0,0,0,0,0,0,1,0,0,0,0,1,0,0,0,1,0,0,0,6/1/2002,1/1/1901,1/1/1901,NULL
472,0,0,1,0,0,0,0,0,0,0,0,0,1000,750,0,0,0,0.00,0,0,0,0,0,0,0,0,0,1,0,0,0,0,1,0,0,0,1,0,0,0,6/1/2002,1/1/1901,1/1/1901,NULL
473,0,0,1,0,0,0,0,0,0,0,0,0,1000,750,0,0,0,0.00,0,0,0,0,0,0,0,0,0,1,0,0,0,0,1,0,0,0,1,0,0,0,6/1/2002,1/1/1901,1/1/1901,NULL
474,0,0,1,0,0,0,0,0,0,0,0,0,1000,750,0,0,0,0.00,0,0,0,0,0,0,0,0,0,1,0,0,0,0,1,0,0,0,1,0,0,0,6/1/2002,1/1/1901,1/1/1901,NULL
475,0,0,1,0,0,0,0,0,0,0,0,0,1000,750,0,0,0,0.00,0,0,0,0,0,0,0,0,0,1,0,0,0,0,1,0,0,0,1,0,0,0,6/1/2002,1/1/1901,1/1/1901,NULL
476,0,0,1,0,0,0,0,0,0,0,0,0,1000,750,0,0,0,0.00,0,0,0,0,0,0,0,0,0,1,0,0,0,0,1,0,0,0,1,0,0,0,6/1/2002,1/1/1901,1/1/1901,NULL
477,0,0,1,0,0,0,0,0,0,0,0,0,1000,750,0,0,0,0.00,0,0,0,0,0,0,0,0,0,1,0,0,0,0,1,0,0,0,1,0,0,0,6/1/2002,1/1/1901,1/1/1901,NULL
478,0,0,1,0,0,0,0,0,0,0,0,0,1000,750,0,0,0,0.00,0,0,0,0,0,0,0,0,0,1,0,0,0,0,1,0,0,0,1,0,0,0,6/1/2002,1/1/1901,1/1/1901,NULL
479,0,0,1,0,0,0,0,0,0,0,0,0,1000,750,0,0,0,0.00,0,0,0,0,0,0,0,0,0,1,0,0,0,0,1,0,0,0,1,0,0,0,6/1/2002,1/1/1901,1/1/1901,NULL
480,0,0,1,0,0,0,0,0,0,0,0,0,1000,750,0,0,0,0.00,0,0,0,0,0,0,0,0,0,1,0,0,0,0,1,0,0,0,1,0,0,0,6/1/2002,1/1/1901,1/1/1901,NULL
481,0,0,1,0,0,0,0,0,0,0,0,0,1000,750,0,0,0,0.00,0,0,0,0,0,0,0,0,0,1,0,0,0,0,1,0,0,0,1,0,0,0,6/1/2002,1/1/1901,1/1/1901,NULL
482,0,0,1,0,0,0,0,0,0,0,0,0,1000,750,0,0,0,0.00,0,0,0,0,0,0,0,0,0,1,0,0,0,0,1,0,0,0,1,0,0,0,6/1/2002,1/1/1901,1/1/1901,NULL
483,0,0,1,0,0,0,0,0,0,0,0,0,1000,750,0,0,0,0.00,0,0,0,0,0,0,0,0,0,1,0,0,0,0,1,0,0,0,1,0,0,0,6/1/2002,1/1/1901,1/1/1901,NULL
484,0,0,1,0,0,0,0,0,0,0,0,0,1000,750,0,0,0,0.00,0,0,0,0,0,0,0,0,0,1,0,0,0,0,1,0,0,0,1,0,0,0,6/1/2002,1/1/1901,1/1/1901,NULL
485,0,0,1,0,0,0,0,0,0,0,0,0,1000,750,0,0,0,0.00,0,0,0,0,0,0,0,0,0,1,0,0,0,0,1,0,0,0,1,0,0,0,6/1/2002,1/1/1901,1/1/1901,NULL
486,0,0,1,0,0,0,0,0,0,0,0,0,1000,750,0,0,0,0.00,0,0,0,0,0,0,0,0,0,1,0,0,0,0,1,0,0,0,1,0,0,0,6/1/2002,1/1/1901,1/1/1901,NULL
487,0,0,1,0,0,0,0,0,0,0,0,0,1000,750,0,0,0,0.00,0,0,0,0,0,0,0,0,0,1,0,0,0,0,1,0,0,0,1,0,0,0,6/1/2002,1/1/1901,1/1/1901,NULL
488,0,0,1,0,0,0,0,0,0,0,0,0,1000,750,0,0,0,0.00,0,0,0,0,0,0,0,0,0,1,0,0,0,0,1,0,0,0,1,0,0,0,6/1/2002,1/1/1901,1/1/1901,NULL
489,0,0,1,0,0,0,0,0,0,0,0,0,1000,750,0,0,0,0.00,0,0,0,0,0,0,0,0,0,1,0,0,0,0,1,0,0,0,1,0,0,0,6/1/2002,1/1/1901,1/1/1901,NULL
490,0,0,1,0,0,0,0,0,0,0,0,0,1000,750,0,0,0,0.00,0,0,0,0,0,0,0,0,0,1,0,0,0,0,0,1,0,0,1,0,0,0,6/1/2002,1/1/1901,1/1/1901,NULL
491,0,0,1,0,0,0,0,0,0,0,0,0,1000,750,0,0,0,0.00,0,0,0,0,0,0,0,0,0,1,0,0,0,0,1,0,0,0,1,0,0,0,6/1/2002,1/1/1901,1/1/1901,NULL
492,0,0,1,0,0,0,0,0,0,0,0,0,60,45,0,0,0,0.00,0,0,0,0,0,0,0,0,0,1,0,0,0,0,1,0,0,0,1,0,0,0,6/1/2002,1/1/1901,1/1/1901,NULL
493,0,0,1,0,0,0,0,0,0,0,0,0,60,45,0,0,0,0.00,0,0,0,0,0,0,0,0,0,1,0,0,0,0,1,0,0,0,1,0,0,0,6/1/2002,1/1/1901,1/1/1901,NULL
494,0,0,1,0,0,0,0,0,0,0,0,0,60,45,0,0,0,0.00,0,0,0,0,0,0,0,0,0,1,0,0,0,0,1,0,0,0,1,0,0,0,6/1/2002,1/1/1901,1/1/1901,NULL
495,0,0,1,0,0,0,0,0,0,0,0,0,60,45,0,0,0,0.00,0,0,0,0,0,0,0,0,0,1,0,0,0,0,1,0,0,0,1,0,0,0,6/1/2002,1/1/1901,1/1/1901,NULL
496,0,0,1,0,0,0,0,0,0,0,0,0,60,45,0,0,0,0.00,0,0,0,0,0,0,0,0,0,1,0,0,0,0,1,0,0,0,1,0,0,0,6/1/2002,1/1/1901,1/1/1901,NULL
497,0,0,1,0,0,0,0,0,0,0,0,0,1000,750,0,0,0,0.00,0,0,0,0,0,0,0,0,0,1,0,0,0,0,1,0,0,0,1,0,0,0,6/1/2002,1/1/1901,1/1/1901,NULL
504,0,0,1,0,0,0,0,0,0,0,0,0,1000,750,0,0,0,0.00,0,0,0,0,0,0,0,0,0,1,0,0,0,0,1,0,0,0,1,0,0,0,6/1/2002,1/1/1901,1/1/1901,NULL
505,0,0,1,0,0,0,0,0,0,0,0,0,1000,750,0,0,0,0.00,0,0,0,0,0,0,0,0,0,1,0,0,0,0,1,0,0,0,1,0,0,0,6/1/2002,1/1/1901,1/1/1901,NULL
506,0,0,1,0,0,0,0,0,0,0,0,0,1000,750,0,0,0,0.00,0,0,0,0,0,0,0,0,0,1,0,0,0,0,1,0,0,0,1,0,0,0,6/1/2002,1/1/1901,1/1/1901,NULL
507,0,0,1,0,0,0,0,0,0,0,0,0,800,600,0,0,0,0.00,0,0,0,0,0,0,1,435,0,1,0,0,0,0,0,1,0,0,1,0,0,0,6/1/2002,1/1/1901,1/1/1901,NULL
508,0,0,1,0,0,0,0,0,0,0,0,0,800,600,0,0,0,0.00,0,0,0,0,0,0,1,450,0,1,0,0,0,0,0,0,1,0,1,0,0,0,6/1/2002,1/1/1901,1/1/1901,NULL
509,0,0,1,0,0,0,0,0,0,0,0,0,800,600,0,0,0,0.00,0,0,0,0,0,0,1,400,0,1,0,0,0,0,1,0,0,0,1,0,0,0,6/1/2002,1/1/1901,1/1/1901,NULL
510,0,0,1,0,0,0,0,0,0,0,0,0,800,600,0,0,0,0.00,0,0,0,0,0,0,1,445,0,1,0,0,0,0,0,1,0,0,1,0,0,0,6/1/2002,1/1/1901,1/1/1901,NULL
511,0,0,1,0,0,0,0,0,0,0,0,0,800,600,0,0,0,0.00,0,0,0,0,0,0,1,450,0,1,0,0,0,0,0,0,1,0,1,0,0,0,6/1/2002,1/1/1901,1/1/1901,NULL
512,0,0,1,0,0,0,0,0,0,0,0,0,800,600,0,0,0,0.00,0,0,0,0,0,0,1,400,0,1,0,0,0,0,1,0,0,0,1,0,0,0,6/1/2002,1/1/1901,1/1/1901,NULL
513,0,0,1,0,0,0,0,0,0,0,0,0,800,600,0,0,0,0.00,0,0,0,0,0,0,1,460,0,1,0,0,0,0,1,0,0,0,1,0,0,0,6/1/2002,1/1/1901,1/1/1901,NULL
514,1,0,1,0,0,0,0,0,0,0,0,0,500,375,98.77,133.34,34.57,0.00,0,0,0,0,0,0,0,0,1,1,0,0,0,0,0,1,0,0,1,0,0,0,6/1/2002,1/1/1901,1/1/1901,NULL
515,1,0,1,0,0,0,0,0,0,0,0,0,500,375,108.99,147.14,38.15,0.00,0,0,0,0,0,0,0,0,1,1,0,0,0,0,0,0,1,0,1,0,0,0,6/1/2002,1/1/1901,1/1/1901,NULL
516,1,0,1,0,0,0,0,0,0,0,0,0,500,375,145.87,196.92,51.05,0.00,0,0,0,0,0,0,0,0,1,1,0,0,0,0,1,0,0,0,1,0,0,0,6/1/2002,1/1/1901,1/1/1901,NULL
517,1,0,1,0,0,0,0,0,0,0,0,0,500,375,98.77,133.34,34.57,0.00,0,0,0,0,0,0,0,0,1,1,0,0,0,0,0,1,0,0,1,0,0,0,6/1/2002,1/1/1901,1/1/1901,NULL
518,1,0,1,0,0,0,0,0,0,0,0,0,500,375,108.99,147.14,38.15,0.00,0,0,0,0,0,0,0,0,1,1,0,0,0,0,0,0,1,0,1,0,0,0,6/1/2002,1/1/1901,1/1/1901,NULL
519,1,0,1,0,0,0,0,0,0,0,0,0,500,375,145.87,196.92,51.05,0.00,0,0,0,0,0,0,0,0,1,1,0,0,0,0,1,0,0,0,1,0,0,0,6/1/2002,1/1/1901,1/1/1901,NULL
520,1,0,1,0,0,0,0,0,0,0,0,0,500,375,98.77,133.34,34.57,0.00,0,0,0,0,0,0,0,0,1,1,0,0,0,0,0,1,0,0,1,0,0,0,6/1/2002,1/1/1901,1/1/1901,NULL
521,1,0,1,0,0,0,0,0,0,0,0,0,500,375,108.99,147.14,38.15,0.00,0,0,0,0,0,0,0,0,1,1,0,0,0,0,0,0,1,0,1,0,0,0,6/1/2002,1/1/1901,1/1/1901,NULL
522,1,0,1,0,0,0,0,0,0,0,0,0,500,375,145.87,196.92,51.05,0.00,0,0,0,0,0,0,0,0,1,1,0,0,0,0,1,0,0,0,1,0,0,0,6/1/2002,1/1/1901,1/1/1901,NULL
523,0,0,1,0,0,0,0,0,0,0,0,0,500,375,0,0,0,0.00,0,0,0,0,0,0,0,0,0,1,0,0,0,0,0,1,0,0,1,0,0,0,6/1/2002,1/1/1901,1/1/1901,NULL
524,0,0,1,0,0,0,0,0,0,0,0,0,500,375,0,0,0,0.00,0,0,0,0,0,0,0,0,0,1,0,0,0,0,1,0,0,0,1,0,0,0,6/1/2002,1/1/1901,1/1/1901,NULL
525,0,0,1,0,0,0,0,0,0,0,0,0,800,600,0,0,0,0.00,0,0,0,0,0,0,0,0,0,1,0,0,0,0,0,1,0,0,1,0,0,0,6/1/2002,1/1/1901,1/1/1901,NULL
526,0,0,1,0,0,0,0,0,0,0,0,0,800,600,0,0,0,0.00,0,0,0,0,0,0,0,0,0,1,0,0,0,0,1,0,0,0,1,0,0,0,6/1/2002,1/1/1901,1/1/1901,NULL
527,0,0,1,0,0,0,0,0,0,0,0,0,1000,750,0,0,0,0.00,0,0,0,0,0,0,0,0,0,1,0,0,0,0,1,0,0,0,1,0,0,0,6/1/2002,1/1/1901,1/1/1901,NULL
528,0,0,1,0,0,0,0,0,0,0,0,0,1000,750,0,0,0,0.00,0,0,0,0,0,0,0,0,0,1,0,0,0,0,1,0,0,0,1,0,0,0,6/1/2002,1/1/1901,1/1/1901,NULL
529,1,0,1,0,0,0,0,0,0,0,0,0,500,375,0,0,0,0.00,0,0,0,0,0,0,0,0,1,1,0,0,0,0,1,0,0,0,1,0,0,0,6/1/2002,1/1/1901,1/1/1901,NULL
530,0,0,1,0,0,0,0,0,0,0,0,0,500,375,0,0,0,0.00,0,0,0,0,0,0,0,0,0,1,0,0,0,0,1,0,0,0,1,0,0,0,6/1/2002,1/1/1901,1/1/1901,NULL
531,1,0,1,0,0,0,0,0,0,0,0,0,500,375,0,0,0,0.00,0,0,0,0,0,0,0,0,1,1,0,0,0,0,1,0,0,0,1,0,0,0,6/1/2002,1/1/1901,1/1/1901,NULL
532,1,0,1,0,0,0,0,0,0,0,0,0,800,600,0,0,0,0.00,0,0,0,0,0,0,0,0,1,1,0,0,0,0,1,0,0,0,1,0,0,0,6/1/2002,1/1/1901,1/1/1901,NULL
533,1,0,1,0,0,0,0,0,0,0,0,0,500,375,0,0,0,0.00,0,0,0,0,0,0,0,0,1,1,0,0,0,0,1,0,0,0,1,0,0,0,6/1/2002,1/1/1901,1/1/1901,NULL
534,1,0,1,0,0,0,0,0,0,0,0,0,500,375,0,0,0,0.00,0,0,0,0,0,0,0,0,1,1,0,0,0,0,1,0,0,0,1,0,0,0,6/1/2002,1/1/1901,1/1/1901,NULL
535,0,0,1,0,0,0,0,0,0,0,0,0,800,600,0,0,0,0.00,0,0,0,0,0,0,0,0,0,1,0,0,0,0,1,0,0,0,1,0,0,0,6/1/2002,1/1/1901,1/1/1901,NULL
679,0,0,0,0,1,0,0,0,0,0,0,0,500,375,0,0,0,0.00,0,0,0,0,0,0,0,0,0,1,0,0,0,0,1,0,0,0,1,0,0,0,6/1/2002,1/1/1901,1/1/1901,NULL
680,1,1,0,1,0,0,0,0,0,0,0,0,500,375,1059.31,1431.5,372.19,58.00,0,0,0,0,1,1,0,2.24,1,0,1,0,0,0,0,0,0,1,0,1,0,0,6/1/2002,1/1/1901,1/1/1901,14
706,1,1,0,0,0,1,0,0,0,0,0,0,500,375,1059.31,1431.5,372.19,58.00,0,0,0,0,1,1,0,2.24,1,0,1,0,0,0,0,0,0,1,0,1,0,0,6/1/2002,1/1/1901,1/1/1901,14
707,0,1,0,0,0,1,0,0,0,0,0,0,4,3,13.0863,34.99,21.9037,0.00,0,0,0,0,0,0,0,0,0,0,0,1,0,0,1,0,0,0,1,0,0,0,7/1/2005,1/1/1901,1/1/1901,31
708,0,1,0,1,0,0,0,0,0,0,0,0,4,3,13.0863,34.99,21.9037,0.00,0,0,0,0,0,0,0,0,0,0,0,1,0,0,1,0,0,0,1,0,0,0,7/1/2005,1/1/1901,1/1/1901,31
709,0,1,0,0,0,0,1,0,0,0,0,0,4,3,3.3963,9.5,6.1037,0.00,0,1,0,0,0,0,0,0,0,0,0,0,1,0,1,0,0,0,0,1,0,0,7/1/2005,6/30/2006,1/1/1901,23
710,0,1,0,0,0,0,1,0,0,0,0,0,4,3,3.3963,9.5,6.1037,0.00,0,0,1,0,0,0,0,0,0,0,0,0,1,0,1,0,0,0,0,1,0,0,7/1/2005,6/30/2006,1/1/1901,23
711,0,1,0,0,0,0,0,1,0,0,0,0,4,3,13.0863,34.99,21.9037,0.00,0,0,0,0,0,0,0,0,0,0,0,1,0,0,1,0,0,0,1,0,0,0,7/1/2005,1/1/1901,1/1/1901,31
712,0,1,0,0,0,0,0,0,1,0,0,0,4,3,6.9223,8.99,2.0677,0.00,0,0,0,0,0,0,0,0,0,0,0,1,0,0,1,0,0,0,0,1,0,0,7/1/2005,1/1/1901,1/1/1901,19
713,0,1,0,0,0,0,0,0,1,0,0,0,4,3,38.4923,49.99,11.4977,0.00,1,0,0,0,0,0,0,0,0,0,0,1,0,0,1,0,0,0,0,1,0,0,7/1/2005,1/1/1901,1/1/1901,21
714,0,1,0,0,0,0,0,0,1,0,0,0,4,3,38.4923,49.99,11.4977,0.00,0,1,0,0,0,0,0,0,0,0,0,1,0,0,1,0,0,0,0,1,0,0,7/1/2005,1/1/1901,1/1/1901,21
715,0,1,0,0,0,0,0,0,1,0,0,0,4,3,38.4923,49.99,11.4977,0.00,0,0,1,0,0,0,0,0,0,0,0,1,0,0,1,0,0,0,0,1,0,0,7/1/2005,1/1/1901,1/1/1901,21
716,0,1,0,0,0,0,0,0,1,0,0,0,4,3,38.4923,49.99,11.4977,0.00,0,0,0,1,0,0,0,0,0,0,0,1,0,0,1,0,0,0,0,1,0,0,7/1/2005,1/1/1901,1/1/1901,21
717,1,1,0,0,0,1,0,0,0,0,0,0,500,375,868.6342,1431.5,562.8658,62.00,0,0,0,0,1,1,0,2.3,1,0,1,0,0,0,0,0,0,1,0,1,0,0,7/1/2005,1/1/1901,1/1/1901,14
718,1,1,0,0,0,1,0,0,0,0,0,0,500,375,868.6342,1431.5,562.8658,44.00,0,0,0,0,1,1,0,2.12,1,0,1,0,0,0,0,0,0,1,0,1,0,0,7/1/2005,1/1/1901,1/1/1901,14
719,1,1,0,0,0,1,0,0,0,0,0,0,500,375,868.6342,1431.5,562.8658,48.00,0,0,0,0,1,1,0,2.16,1,0,1,0,0,0,0,0,0,1,0,1,0,0,7/1/2005,1/1/1901,1/1/1901,14
720,1,1,0,0,0,1,0,0,0,0,0,0,500,375,868.6342,1431.5,562.8658,52.00,0,0,0,0,1,1,0,2.2,1,0,1,0,0,0,0,0,0,1,0,1,0,0,7/1/2005,1/1/1901,1/1/1901,14
721,1,1,0,0,0,1,0,0,0,0,0,0,500,375,868.6342,1431.5,562.8658,56.00,0,0,0,0,1,1,0,2.24,1,0,1,0,0,0,0,0,0,1,0,1,0,0,7/1/2005,1/1/1901,1/1/1901,14
722,1,1,0,1,0,0,0,0,0,0,0,0,500,375,204.6251,337.22,132.5949,58.00,0,0,0,0,1,1,0,2.46,1,0,1,0,0,0,0,1,0,0,0,1,0,0,7/1/2005,1/1/1901,1/1/1901,14
723,1,1,0,1,0,0,0,0,0,0,0,0,500,375,204.6251,337.22,132.5949,60.00,0,0,0,0,1,1,0,2.48,1,0,1,0,0,0,0,1,0,0,0,1,0,0,7/1/2005,1/1/1901,1/1/1901,14
724,1,1,0,1,0,0,0,0,0,0,0,0,500,375,204.6251,337.22,132.5949,62.00,0,0,0,0,1,1,0,2.5,1,0,1,0,0,0,0,1,0,0,0,1,0,0,7/1/2005,1/1/1901,1/1/1901,14
725,1,1,0,0,0,1,0,0,0,0,0,0,500,375,187.1571,337.22,150.0629,44.00,0,0,0,0,1,1,0,2.32,1,0,1,0,0,0,0,1,0,0,0,1,0,0,7/1/2005,6/30/2007,1/1/1901,14
726,1,1,0,0,0,1,0,0,0,0,0,0,500,375,187.1571,337.22,150.0629,48.00,0,0,0,0,1,1,0,2.36,1,0,1,0,0,0,0,1,0,0,0,1,0,0,7/1/2005,6/30/2007,1/1/1901,14
727,1,1,0,0,0,1,0,0,0,0,0,0,500,375,187.1571,337.22,150.0629,52.00,0,0,0,0,1,1,0,2.4,1,0,1,0,0,0,0,1,0,0,0,1,0,0,7/1/2005,6/30/2007,1/1/1901,14
728,1,1,0,0,0,1,0,0,0,0,0,0,500,375,187.1571,337.22,150.0629,58.00,0,0,0,0,1,1,0,2.46,1,0,1,0,0,0,0,1,0,0,0,1,0,0,7/1/2005,6/30/2007,1/1/1901,14
729,1,1,0,0,0,1,0,0,0,0,0,0,500,375,187.1571,337.22,150.0629,60.00,0,0,0,0,1,1,0,2.48,1,0,1,0,0,0,0,1,0,0,0,1,0,0,7/1/2005,6/30/2007,1/1/1901,14
730,1,1,0,0,0,1,0,0,0,0,0,0,500,375,187.1571,337.22,150.0629,62.00,0,0,0,0,1,1,0,2.5,1,0,1,0,0,0,0,1,0,0,0,1,0,0,7/1/2005,6/30/2007,1/1/1901,14
731,1,1,0,0,0,1,0,0,0,0,0,0,500,375,352.1394,594.83,242.6906,44.00,0,0,0,0,1,1,0,2.22,1,0,1,0,0,0,0,0,1,0,0,1,0,0,7/1/2005,6/30/2006,1/1/1901,14
732,1,1,0,0,0,1,0,0,0,0,0,0,500,375,352.1394,594.83,242.6906,48.00,0,0,0,0,1,1,0,2.26,1,0,1,0,0,0,0,0,1,0,0,1,0,0,7/1/2005,6/30/2006,1/1/1901,14
733,1,1,0,0,0,1,0,0,0,0,0,0,500,375,352.1394,594.83,242.6906,52.00,0,0,0,0,1,1,0,2.3,1,0,1,0,0,0,0,0,1,0,0,1,0,0,7/1/2005,6/30/2006,1/1/1901,14
734,1,1,0,0,0,1,0,0,0,0,0,0,500,375,352.1394,594.83,242.6906,58.00,0,0,0,0,1,1,0,2.36,1,0,1,0,0,0,0,0,1,0,0,1,0,0,7/1/2005,6/30/2006,1/1/1901,14
735,1,1,0,0,0,1,0,0,0,0,0,0,500,375,352.1394,594.83,242.6906,60.00,0,0,0,0,1,1,0,2.38,1,0,1,0,0,0,0,0,1,0,0,1,0,0,7/1/2005,6/30/2006,1/1/1901,14
736,1,1,0,1,0,0,0,0,0,0,0,0,500,375,204.6251,337.22,132.5949,44.00,0,0,0,0,1,1,0,2.32,1,0,1,0,0,0,0,1,0,0,0,1,0,0,7/1/2005,1/1/1901,1/1/1901,14
737,1,1,0,1,0,0,0,0,0,0,0,0,500,375,204.6251,337.22,132.5949,48.00,0,0,0,0,1,1,0,2.36,1,0,1,0,0,0,0,1,0,0,0,1,0,0,7/1/2005,1/1/1901,1/1/1901,14
738,1,1,0,1,0,0,0,0,0,0,0,0,500,375,204.6251,337.22,132.5949,52.00,0,0,0,0,1,1,0,2.4,1,0,1,0,0,0,0,1,0,0,0,1,0,0,7/1/2005,1/1/1901,1/1/1901,14
739,1,1,0,0,1,0,0,0,0,0,0,0,500,375,747.2002,1364.5,617.2998,42.00,0,0,0,0,1,1,0,2.72,1,0,0,0,1,0,0,0,0,1,0,1,0,0,7/1/2005,1/1/1901,1/1/1901,12
740,1,1,0,0,1,0,0,0,0,0,0,0,500,375,706.811,1364.5,657.689,44.00,0,0,0,0,1,1,0,2.76,1,0,0,0,1,0,0,0,0,1,0,1,0,0,7/1/2005,6/30/2006,1/1/1901,12
741,1,1,0,0,1,0,0,0,0,0,0,0,500,375,706.811,1364.5,657.689,48.00,0,0,0,0,1,1,0,2.8,1,0,0,0,1,0,0,0,0,1,0,1,0,0,7/1/2005,6/30/2006,1/1/1901,12
742,1,1,0,0,1,0,0,0,0,0,0,0,500,375,747.2002,1364.5,617.2998,46.00,0,0,0,0,1,1,0,2.84,1,0,0,0,1,0,0,0,0,1,0,1,0,0,7/1/2005,1/1/1901,1/1/1901,12
743,1,1,0,1,0,0,0,0,0,0,0,0,500,375,739.041,1349.6,610.559,42.00,0,0,0,0,1,1,0,2.72,1,0,0,0,1,0,0,0,0,1,0,1,0,0,7/1/2005,1/1/1901,1/1/1901,12
744,1,1,0,1,0,0,0,0,0,0,0,0,500,375,699.0928,1349.6,650.5072,44.00,0,0,0,0,1,1,0,2.76,1,0,0,0,1,0,0,0,0,1,0,1,0,0,7/1/2005,6/30/2006,1/1/1901,12
745,1,1,0,1,0,0,0,0,0,0,0,0,500,375,699.0928,1349.6,650.5072,48.00,0,0,0,0,1,1,0,2.8,1,0,0,0,1,0,0,0,0,1,0,1,0,0,7/1/2005,6/30/2006,1/1/1901,12
746,1,1,0,1,0,0,0,0,0,0,0,0,500,375,739.041,1349.6,610.559,46.00,0,0,0,0,1,1,0,2.84,1,0,0,0,1,0,0,0,0,1,0,1,0,0,7/1/2005,1/1/1901,1/1/1901,12
747,1,1,0,1,0,0,0,0,0,0,0,0,500,375,739.041,1349.6,610.559,38.00,0,0,0,0,1,1,0,2.68,2,0,0,0,1,0,0,0,0,1,0,1,0,0,7/1/2005,1/1/1901,1/1/1901,12
748,1,1,0,0,1,0,0,0,0,0,0,0,500,375,747.2002,1364.5,617.2998,38.00,0,0,0,0,1,1,0,2.68,2,0,0,0,1,0,0,0,0,1,0,1,0,0,7/1/2005,1/1/1901,1/1/1901,12
749,1,1,0,0,0,1,0,0,0,0,0,0,100,75,2171.2942,3578.27,1406.9758,62.00,0,0,0,0,1,1,0,15,4,0,1,0,0,0,0,0,0,1,0,1,0,0,7/1/2005,6/30/2006,1/1/1901,2
750,1,1,0,0,0,1,0,0,0,0,0,0,100,75,2171.2942,3578.27,1406.9758,44.00,0,0,0,0,1,1,0,13.77,4,0,1,0,0,0,0,0,0,1,0,1,0,0,7/1/2005,6/30/2006,1/1/1901,2
751,1,1,0,0,0,1,0,0,0,0,0,0,100,75,2171.2942,3578.27,1406.9758,48.00,0,0,0,0,1,1,0,14.13,4,0,1,0,0,0,0,0,0,1,0,1,0,0,7/1/2005,6/30/2006,1/1/1901,2
752,1,1,0,0,0,1,0,0,0,0,0,0,100,75,2171.2942,3578.27,1406.9758,52.00,0,0,0,0,1,1,0,14.42,4,0,1,0,0,0,0,0,0,1,0,1,0,0,7/1/2005,6/30/2006,1/1/1901,2
753,1,1,0,0,0,1,0,0,0,0,0,0,100,75,2171.2942,3578.27,1406.9758,56.00,0,0,0,0,1,1,0,14.68,4,0,1,0,0,0,0,0,0,1,0,1,0,0,7/1/2005,6/30/2006,1/1/1901,2
754,1,1,0,0,0,1,0,0,0,0,0,0,100,75,884.7083,1457.99,573.2817,58.00,0,0,0,0,1,1,0,17.79,4,0,1,0,0,0,0,0,1,0,0,1,0,0,7/1/2005,6/30/2006,1/1/1901,2
755,1,1,0,0,0,1,0,0,0,0,0,0,100,75,884.7083,1457.99,573.2817,60.00,0,0,0,0,1,1,0,17.9,4,0,1,0,0,0,0,0,1,0,0,1,0,0,7/1/2005,6/30/2006,1/1/1901,2
756,1,1,0,0,0,1,0,0,0,0,0,0,100,75,884.7083,1457.99,573.2817,44.00,0,0,0,0,1,1,0,16.77,4,0,1,0,0,0,0,0,1,0,0,1,0,0,7/1/2005,6/30/2006,1/1/1901,2
757,1,1,0,0,0,1,0,0,0,0,0,0,100,75,884.7083,1457.99,573.2817,48.00,0,0,0,0,1,1,0,17.13,4,0,1,0,0,0,0,0,1,0,0,1,0,0,7/1/2005,6/30/2006,1/1/1901,2
758,1,1,0,0,0,1,0,0,0,0,0,0,100,75,884.7083,1457.99,573.2817,52.00,0,0,0,0,1,1,0,17.42,4,0,1,0,0,0,0,0,1,0,0,1,0,0,7/1/2005,6/30/2006,1/1/1901,2
759,1,1,0,0,0,1,0,0,0,0,0,0,100,75,486.7066,782.99,296.2834,58.00,0,0,0,0,1,1,0,19.79,4,0,1,0,0,0,0,1,0,0,0,1,0,0,7/1/2005,6/30/2007,1/1/1901,2
760,1,1,0,0,0,1,0,0,0,0,0,0,100,75,486.7066,782.99,296.2834,60.00,0,0,0,0,1,1,0,19.9,4,0,1,0,0,0,0,1,0,0,0,1,0,0,7/1/2005,6/30/2007,1/1/1901,2
761,1,1,0,0,0,1,0,0,0,0,0,0,100,75,486.7066,782.99,296.2834,62.00,0,0,0,0,1,1,0,20,4,0,1,0,0,0,0,1,0,0,0,1,0,0,7/1/2005,6/30/2007,1/1/1901,2
762,1,1,0,0,0,1,0,0,0,0,0,0,100,75,486.7066,782.99,296.2834,44.00,0,0,0,0,1,1,0,18.77,4,0,1,0,0,0,0,1,0,0,0,1,0,0,7/1/2005,6/30/2007,1/1/1901,2
763,1,1,0,0,0,1,0,0,0,0,0,0,100,75,486.7066,782.99,296.2834,48.00,0,0,0,0,1,1,0,19.13,4,0,1,0,0,0,0,1,0,0,0,1,0,0,7/1/2005,6/30/2007,1/1/1901,2
764,1,1,0,0,0,1,0,0,0,0,0,0,100,75,486.7066,782.99,296.2834,52.00,0,0,0,0,1,1,0,19.42,4,0,1,0,0,0,0,1,0,0,0,1,0,0,7/1/2005,6/30/2007,1/1/1901,2
765,1,1,0,1,0,0,0,0,0,0,0,0,100,75,486.7066,782.99,296.2834,58.00,0,0,0,0,1,1,0,19.79,4,0,1,0,0,0,0,1,0,0,0,1,0,0,7/1/2005,6/30/2007,1/1/1901,2
766,1,1,0,1,0,0,0,0,0,0,0,0,100,75,486.7066,782.99,296.2834,60.00,0,0,0,0,1,1,0,19.9,4,0,1,0,0,0,0,1,0,0,0,1,0,0,7/1/2005,6/30/2007,1/1/1901,2
767,1,1,0,1,0,0,0,0,0,0,0,0,100,75,486.7066,782.99,296.2834,62.00,0,0,0,0,1,1,0,20,4,0,1,0,0,0,0,1,0,0,0,1,0,0,7/1/2005,6/30/2007,1/1/1901,2
768,1,1,0,1,0,0,0,0,0,0,0,0,100,75,486.7066,782.99,296.2834,44.00,0,0,0,0,1,1,0,18.77,4,0,1,0,0,0,0,1,0,0,0,1,0,0,7/1/2005,6/30/2007,1/1/1901,2
769,1,1,0,1,0,0,0,0,0,0,0,0,100,75,486.7066,782.99,296.2834,48.00,0,0,0,0,1,1,0,19.13,4,0,1,0,0,0,0,1,0,0,0,1,0,0,7/1/2005,6/30/2007,1/1/1901,2
770,1,1,0,1,0,0,0,0,0,0,0,0,100,75,486.7066,782.99,296.2834,52.00,0,0,0,0,1,1,0,19.42,4,0,1,0,0,0,0,1,0,0,0,1,0,0,7/1/2005,6/30/2007,1/1/1901,2
771,1,1,0,0,1,0,0,0,0,0,0,0,100,75,1912.1544,3399.99,1487.8356,38.00,0,0,0,0,1,1,0,20.35,4,0,0,0,1,0,0,0,0,1,0,1,0,0,7/1/2005,6/30/2006,1/1/1901,1
772,1,1,0,0,1,0,0,0,0,0,0,0,100,75,1912.1544,3399.99,1487.8356,42.00,0,0,0,0,1,1,0,20.77,4,0,0,0,1,0,0,0,0,1,0,1,0,0,7/1/2005,6/30/2006,1/1/1901,1
773,1,1,0,0,1,0,0,0,0,0,0,0,100,75,1912.1544,3399.99,1487.8356,44.00,0,0,0,0,1,1,0,21.13,4,0,0,0,1,0,0,0,0,1,0,1,0,0,7/1/2005,6/30/2006,1/1/1901,1
774,1,1,0,0,1,0,0,0,0,0,0,0,100,75,1912.1544,3399.99,1487.8356,48.00,0,0,0,0,1,1,0,21.42,4,0,0,0,1,0,0,0,0,1,0,1,0,0,7/1/2005,6/30/2006,1/1/1901,1
775,1,1,0,1,0,0,0,0,0,0,0,0,100,75,1898.0944,3374.99,1476.8956,38.00,0,0,0,0,1,1,0,20.35,4,0,0,0,1,0,0,0,0,1,0,1,0,0,7/1/2005,6/30/2006,1/1/1901,1
776,1,1,0,1,0,0,0,0,0,0,0,0,100,75,1898.0944,3374.99,1476.8956,42.00,0,0,0,0,1,1,0,20.77,4,0,0,0,1,0,0,0,0,1,0,1,0,0,7/1/2005,6/30/2006,1/1/1901,1
777,1,1,0,1,0,0,0,0,0,0,0,0,100,75,1898.0944,3374.99,1476.8956,44.00,0,0,0,0,1,1,0,21.13,4,0,0,0,1,0,0,0,0,1,0,1,0,0,7/1/2005,6/30/2006,1/1/1901,1
778,1,1,0,1,0,0,0,0,0,0,0,0,100,75,1898.0944,3374.99,1476.8956,48.00,0,0,0,0,1,1,0,21.42,4,0,0,0,1,0,0,0,0,1,0,1,0,0,7/1/2005,6/30/2006,1/1/1901,1
779,1,1,0,0,1,0,0,0,0,0,0,0,100,75,1265.6195,2319.99,1054.3705,38.00,0,0,0,0,1,1,0,23.35,4,0,0,0,1,0,0,0,0,1,0,1,0,0,7/1/2006,1/1/1901,1/1/1901,1
780,1,1,0,0,1,0,0,0,0,0,0,0,100,75,1265.6195,2319.99,1054.3705,42.00,0,0,0,0,1,1,0,23.77,4,0,0,0,1,0,0,0,0,1,0,1,0,0,7/1/2006,1/1/1901,1/1/1901,1
781,1,1,0,0,1,0,0,0,0,0,0,0,100,75,1265.6195,2319.99,1054.3705,46.00,0,0,0,0,1,1,0,24.13,4,0,0,0,1,0,0,0,0,1,0,1,0,0,7/1/2006,1/1/1901,1/1/1901,1
782,1,1,0,1,0,0,0,0,0,0,0,0,100,75,1251.9813,2294.99,1043.0087,38.00,0,0,0,0,1,1,0,23.35,4,0,0,0,1,0,0,0,0,1,0,1,0,0,7/1/2006,1/1/1901,1/1/1901,1
783,1,1,0,1,0,0,0,0,0,0,0,0,100,75,1251.9813,2294.99,1043.0087,42.00,0,0,0,0,1,1,0,23.77,4,0,0,0,1,0,0,0,0,1,0,1,0,0,7/1/2006,1/1/1901,1/1/1901,1
784,1,1,0,1,0,0,0,0,0,0,0,0,100,75,1251.9813,2294.99,1043.0087,46.00,0,0,0,0,1,1,0,24.13,4,0,0,0,1,0,0,0,0,1,0,1,0,0,7/1/2006,1/1/1901,1/1/1901,1
785,1,1,0,1,0,0,0,0,0,0,0,0,100,75,598.4354,1079.99,481.5546,38.00,0,0,0,0,1,1,0,25.35,4,0,0,0,1,0,0,0,1,0,0,1,0,0,7/1/2006,6/30/2007,1/1/1901,1
786,1,1,0,1,0,0,0,0,0,0,0,0,100,75,598.4354,1079.99,481.5546,40.00,0,0,0,0,1,1,0,25.77,4,0,0,0,1,0,0,0,1,0,0,1,0,0,7/1/2006,6/30/2007,1/1/1901,1
787,1,1,0,1,0,0,0,0,0,0,0,0,100,75,598.4354,1079.99,481.5546,44.00,0,0,0,0,1,1,0,26.13,4,0,0,0,1,0,0,0,1,0,0,1,0,0,7/1/2006,6/30/2007,1/1/1901,1
788,1,1,0,1,0,0,0,0,0,0,0,0,100,75,598.4354,1079.99,481.5546,48.00,0,0,0,0,1,1,0,26.42,4,0,0,0,1,0,0,0,1,0,0,1,0,0,7/1/2006,6/30/2007,1/1/1901,1
789,1,1,0,0,0,1,0,0,0,0,0,0,100,75,1518.7864,2443.35,924.5636,44.00,0,0,0,0,1,1,0,14.77,4,0,1,0,0,0,0,0,0,1,0,1,0,0,7/1/2006,6/30/2007,1/1/1901,2
790,1,1,0,0,0,1,0,0,0,0,0,0,100,75,1518.7864,2443.35,924.5636,48.00,0,0,0,0,1,1,0,15.13,4,0,1,0,0,0,0,0,0,1,0,1,0,0,7/1/2006,6/30/2007,1/1/1901,2
791,1,1,0,0,0,1,0,0,0,0,0,0,100,75,1518.7864,2443.35,924.5636,52.00,0,0,0,0,1,1,0,15.42,4,0,1,0,0,0,0,0,0,1,0,1,0,0,7/1/2006,6/30/2007,1/1/1901,2
792,1,1,0,0,0,1,0,0,0,0,0,0,100,75,1554.9479,2443.35,888.4021,58.00,0,0,0,0,1,1,0,15.79,4,0,1,0,0,0,0,0,0,1,0,1,0,0,7/1/2006,1/1/1901,1/1/1901,2
793,1,1,0,1,0,0,0,0,0,0,0,0,100,75,1554.9479,2443.35,888.4021,44.00,0,0,0,0,1,1,0,14.77,4,0,1,0,0,0,0,0,0,1,0,1,0,0,7/1/2006,1/1/1901,1/1/1901,2
794,1,1,0,1,0,0,0,0,0,0,0,0,100,75,1554.9479,2443.35,888.4021,48.00,0,0,0,0,1,1,0,15.13,4,0,1,0,0,0,0,0,0,1,0,1,0,0,7/1/2006,1/1/1901,1/1/1901,2
795,1,1,0,1,0,0,0,0,0,0,0,0,100,75,1554.9479,2443.35,888.4021,52.00,0,0,0,0,1,1,0,15.42,4,0,1,0,0,0,0,0,0,1,0,1,0,0,7/1/2006,1/1/1901,1/1/1901,2
796,1,1,0,1,0,0,0,0,0,0,0,0,100,75,1554.9479,2443.35,888.4021,58.00,0,0,0,0,1,1,0,15.68,4,0,1,0,0,0,0,0,0,1,0,1,0,0,7/1/2006,1/1/1901,1/1/1901,2
797,1,1,0,0,0,0,0,0,0,1,0,0,100,75,713.0798,1120.49,407.4102,38.00,0,0,0,0,1,1,0,17.35,4,0,1,0,0,0,0,0,1,0,0,0,1,0,7/1/2006,1/1/1901,1/1/1901,2
798,1,1,0,0,0,0,0,0,0,1,0,0,100,75,713.0798,1120.49,407.4102,40.00,0,0,0,0,1,1,0,17.77,4,0,1,0,0,0,0,0,1,0,0,0,1,0,7/1/2006,1/1/1901,1/1/1901,2
799,1,1,0,0,0,0,0,0,0,1,0,0,100,75,713.0798,1120.49,407.4102,42.00,0,0,0,0,1,1,0,18.13,4,0,1,0,0,0,0,0,1,0,0,0,1,0,7/1/2006,1/1/1901,1/1/1901,2
800,1,1,0,0,0,0,0,0,0,1,0,0,100,75,713.0798,1120.49,407.4102,44.00,0,0,0,0,1,1,0,18.42,4,0,1,0,0,0,0,0,1,0,0,0,1,0,7/1/2006,1/1/1901,1/1/1901,2
801,1,1,0,0,0,0,0,0,0,1,0,0,100,75,713.0798,1120.49,407.4102,48.00,0,0,0,0,1,1,0,18.68,4,0,1,0,0,0,0,0,1,0,0,0,1,0,7/1/2006,1/1/1901,1/1/1901,2
802,1,1,1,0,0,0,0,0,0,0,0,0,500,375,65.8097,148.22,82.4103,0.00,0,0,0,0,0,0,0,0,1,1,0,0,0,0,0,1,0,0,1,0,0,0,7/1/2006,6/30/2007,1/1/1901,10
803,1,1,1,0,0,0,0,0,0,0,0,0,500,375,77.9176,175.49,97.5724,0.00,0,0,0,0,0,0,0,0,1,1,0,0,0,0,0,0,1,0,1,0,0,0,7/1/2006,6/30/2007,1/1/1901,10
804,1,1,1,0,0,0,0,0,0,0,0,0,500,375,101.8936,229.49,127.5964,0.00,0,0,0,0,0,0,0,0,1,1,0,0,0,0,0,0,0,1,1,0,0,0,7/1/2006,6/30/2007,1/1/1901,10
805,1,1,1,0,0,0,0,0,0,0,0,0,500,375,15.1848,34.2,19.0152,0.00,0,0,0,0,0,0,0,0,1,1,0,0,0,0,0,1,0,0,1,0,0,0,7/1/2006,6/30/2007,1/1/1901,11
806,1,1,1,0,0,0,0,0,0,0,0,0,500,375,45.4168,102.29,56.8732,0.00,0,0,0,0,0,0,0,0,1,1,0,0,0,0,0,0,1,0,1,0,0,0,7/1/2006,6/30/2007,1/1/1901,11
807,1,1,1,0,0,0,0,0,0,0,0,0,500,375,55.3801,124.73,69.3499,0.00,0,0,0,0,0,0,0,0,1,1,0,0,0,0,0,0,0,1,1,0,0,0,7/1/2006,6/30/2007,1/1/1901,11
808,1,1,1,0,0,0,0,0,0,0,0,0,500,375,19.7758,44.54,24.7642,0.00,0,0,0,0,0,0,0,0,1,0,0,0,1,0,0,1,0,0,1,0,0,0,7/1/2006,1/1/1901,1/1/1901,4
809,1,1,1,0,0,0,0,0,0,0,0,0,500,375,27.4925,61.92,34.4275,0.00,0,0,0,0,0,0,0,0,1,0,0,0,1,0,0,0,1,0,1,0,0,0,7/1/2006,1/1/1901,1/1/1901,4
810,1,1,1,0,0,0,0,0,0,0,0,0,500,375,53.3999,120.27,66.8701,0.00,0,0,0,0,0,0,0,0,1,0,0,0,1,0,0,0,0,1,1,0,0,0,7/1/2006,1/1/1901,1/1/1901,4
811,1,1,1,0,0,0,0,0,0,0,0,0,500,375,19.7758,44.54,24.7642,0.00,0,0,0,0,0,0,0,0,1,0,1,0,0,0,0,1,0,0,1,0,0,0,7/1/2006,1/1/1901,1/1/1901,4
812,1,1,1,0,0,0,0,0,0,0,0,0,500,375,27.4925,61.92,34.4275,0.00,0,0,0,0,0,0,0,0,1,0,1,0,0,0,0,0,1,0,1,0,0,0,7/1/2006,1/1/1901,1/1/1901,4
813,1,1,1,0,0,0,0,0,0,0,0,0,500,375,53.3999,120.27,66.8701,0.00,0,0,0,0,0,0,0,0,1,0,1,0,0,0,0,0,0,1,1,0,0,0,7/1/2006,1/1/1901,1/1/1901,4
814,1,1,0,1,0,0,0,0,0,0,0,0,500,375,185.8193,348.76,162.9407,38.00,0,0,0,0,1,1,0,2.73,2,0,0,0,1,0,0,0,1,0,0,1,0,0,7/1/2006,6/30/2007,1/1/1901,12
815,1,1,0,1,0,0,0,0,0,0,0,0,500,375,26.9708,60.745,33.7742,0.00,0,0,0,0,0,0,0,0,1,0,0,0,1,0,0,1,0,0,1,0,0,0,7/1/2006,6/30/2007,1/1/1901,17
816,1,1,0,1,0,0,0,0,0,0,0,0,500,375,92.8071,209.025,116.2179,0.00,0,0,0,0,0,0,0,0,1,0,0,0,1,0,0,0,1,0,1,0,0,0,7/1/2006,6/30/2007,1/1/1901,17
817,1,1,0,1,0,0,0,0,0,0,0,0,500,375,133.2955,300.215,166.9195,0.00,0,0,0,0,0,0,0,0,1,0,0,0,1,0,0,0,0,1,1,0,0,0,7/1/2006,6/30/2007,1/1/1901,17
818,1,1,0,1,0,0,0,0,0,0,0,0,500,375,37.9909,85.565,47.5741,0.00,0,0,0,0,0,0,1,900,1,0,1,0,0,0,0,1,0,0,1,0,0,0,7/1/2006,6/30/2007,1/1/1901,17
819,1,1,0,1,0,0,0,0,0,0,0,0,500,375,110.2829,248.385,138.1021,0.00,0,0,0,0,0,0,1,850,1,0,1,0,0,0,0,0,1,0,1,0,0,0,7/1/2006,6/30/2007,1/1/1901,17
820,1,1,0,1,0,0,0,0,0,0,0,0,500,375,146.5466,330.06,183.5134,0.00,0,0,0,0,0,0,1,650,1,0,1,0,0,0,0,0,0,1,1,0,0,0,7/1/2006,6/30/2007,1/1/1901,17
821,1,1,0,1,0,0,0,0,0,0,0,0,500,375,96.7964,218.01,121.2136,0.00,0,0,0,0,0,0,0,0,1,0,0,0,0,1,1,0,0,0,1,0,0,0,7/1/2006,6/30/2007,1/1/1901,17
822,1,1,0,0,0,0,0,0,0,1,0,0,500,375,360.9428,594.83,233.8872,38.00,0,0,0,0,1,1,0,2.18,2,0,1,0,0,0,0,0,1,0,0,0,1,0,7/1/2006,1/1/1901,1/1/1901,14
823,1,1,0,1,0,0,0,0,0,0,0,0,500,375,38.9588,87.745,48.7862,0.00,0,0,0,0,0,0,0,0,1,0,0,0,1,0,0,1,0,0,1,0,0,0,7/1/2006,6/30/2007,1/1/1901,17
824,1,1,0,1,0,0,0,0,0,0,0,0,500,375,104.7951,236.025,131.2299,0.00,0,0,0,0,0,0,0,0,1,0,0,0,1,0,0,0,1,0,1,0,0,0,7/1/2006,6/30/2007,1/1/1901,17
825,1,1,0,1,0,0,0,0,0,0,0,0,500,375,145.2835,327.215,181.9315,0.00,0,0,0,0,0,0,0,0,1,0,0,0,1,0,0,0,0,1,1,0,0,0,7/1/2006,6/30/2007,1/1/1901,17
826,1,1,0,1,0,0,0,0,0,0,0,0,500,375,49.9789,112.565,62.5861,0.00,0,0,0,0,0,0,1,1050,1,0,1,0,0,0,0,1,0,0,1,0,0,0,7/1/2006,6/30/2007,1/1/1901,17
827,1,1,0,1,0,0,0,0,0,0,0,0,500,375,122.2709,275.385,153.1141,0.00,0,0,0,0,0,0,1,1000,1,0,1,0,0,0,0,0,1,0,1,0,0,0,7/1/2006,6/30/2007,1/1/1901,17
828,1,1,0,1,0,0,0,0,0,0,0,0,500,375,158.5346,357.06,198.5254,0.00,0,0,0,0,0,0,1,890,1,0,1,0,0,0,0,0,0,1,1,0,0,0,7/1/2006,6/30/2007,1/1/1901,17
829,1,1,0,1,0,0,0,0,0,0,0,0,500,375,108.7844,245.01,136.2256,0.00,0,0,0,0,0,0,0,0,1,0,0,0,0,1,1,0,0,0,1,0,0,0,7/1/2006,6/30/2007,1/1/1901,17
830,1,1,0,1,0,0,0,0,0,0,0,0,500,375,185.8193,348.76,162.9407,40.00,0,0,0,0,1,1,0,2.77,1,0,0,0,1,0,0,0,1,0,0,1,0,0,7/1/2006,6/30/2007,1/1/1901,12
831,1,1,0,1,0,0,0,0,0,0,0,0,500,375,185.8193,348.76,162.9407,44.00,0,0,0,0,1,1,0,2.81,1,0,0,0,1,0,0,0,1,0,0,1,0,0,7/1/2006,6/30/2007,1/1/1901,12
832,1,1,0,1,0,0,0,0,0,0,0,0,500,375,185.8193,348.76,162.9407,48.00,0,0,0,0,1,1,0,2.85,1,0,0,0,1,0,0,0,1,0,0,1,0,0,7/1/2006,6/30/2007,1/1/1901,12
833,1,1,0,0,0,0,0,0,0,1,0,0,500,375,360.9428,594.83,233.8872,40.00,0,0,0,0,1,1,0,2.22,1,0,1,0,0,0,0,0,1,0,0,0,1,0,7/1/2006,1/1/1901,1/1/1901,14
834,1,1,0,0,0,0,0,0,0,1,0,0,500,375,360.9428,594.83,233.8872,42.00,0,0,0,0,1,1,0,2.26,1,0,1,0,0,0,0,0,1,0,0,0,1,0,7/1/2006,1/1/1901,1/1/1901,14
835,1,1,0,0,0,0,0,0,0,1,0,0,500,375,360.9428,594.83,233.8872,44.00,0,0,0,0,1,1,0,2.3,1,0,1,0,0,0,0,0,1,0,0,0,1,0,7/1/2006,1/1/1901,1/1/1901,14
836,1,1,0,0,0,0,0,0,0,1,0,0,500,375,360.9428,594.83,233.8872,48.00,0,0,0,0,1,1,0,2.34,1,0,1,0,0,0,0,0,1,0,0,0,1,0,7/1/2006,1/1/1901,1/1/1901,14
837,1,1,0,1,0,0,0,0,0,0,0,0,500,375,868.6342,1431.5,562.8658,62.00,0,0,0,0,1,1,0,2.3,1,0,1,0,0,0,0,0,0,1,0,1,0,0,7/1/2006,1/1/1901,1/1/1901,14
838,1,1,0,1,0,0,0,0,0,0,0,0,500,375,868.6342,1431.5,562.8658,44.00,0,0,0,0,1,1,0,2.12,1,0,1,0,0,0,0,0,0,1,0,1,0,0,7/1/2006,1/1/1901,1/1/1901,14
839,1,1,0,1,0,0,0,0,0,0,0,0,500,375,868.6342,1431.5,562.8658,48.00,0,0,0,0,1,1,0,2.16,1,0,1,0,0,0,0,0,0,1,0,1,0,0,7/1/2006,1/1/1901,1/1/1901,14
840,1,1,0,1,0,0,0,0,0,0,0,0,500,375,868.6342,1431.5,562.8658,52.00,0,0,0,0,1,1,0,2.2,1,0,1,0,0,0,0,0,0,1,0,1,0,0,7/1/2006,1/1/1901,1/1/1901,14
841,0,1,0,1,0,0,0,0,0,0,0,0,4,3,24.7459,59.99,35.2441,0.00,1,0,0,0,0,0,0,0,0,0,0,1,0,0,1,0,0,0,0,0,0,1,7/1/2006,6/30/2007,1/1/1901,22
842,0,1,0,0,0,0,0,0,0,0,1,0,4,3,51.5625,125,73.4375,0.00,0,0,0,0,0,0,0,0,0,0,0,0,0,1,1,0,0,0,1,0,0,0,7/1/2006,6/30/2007,1/1/1901,35
843,0,1,1,0,0,0,0,0,0,0,0,0,4,3,10.3125,25,14.6875,0.00,0,0,0,0,0,0,0,0,0,0,0,1,0,0,1,0,0,0,1,0,0,0,7/1/2006,6/30/2007,1/1/1901,34
844,0,1,1,0,0,0,0,0,0,0,0,0,4,3,8.2459,19.99,11.7441,0.00,0,0,0,0,0,0,0,0,0,0,0,1,0,0,1,0,0,0,1,0,0,0,7/1/2006,6/30/2007,1/1/1901,36
845,0,1,1,0,0,0,0,0,0,0,0,0,4,3,10.3084,24.99,14.6816,0.00,0,0,0,0,0,0,0,0,0,0,0,0,1,0,1,0,0,0,1,0,0,0,7/1/2006,6/30/2007,1/1/1901,36
846,0,1,1,0,0,0,0,0,0,0,0,0,4,3,5.7709,13.99,8.2191,0.00,0,0,0,0,0,0,0,0,0,0,1,0,0,0,1,0,0,0,1,0,0,0,7/1/2006,6/30/2007,1/1/1901,33
847,0,1,1,0,0,0,0,0,0,0,0,0,4,3,14.4334,34.99,20.5566,0.00,0,0,0,0,0,0,0,0,0,0,1,0,0,0,1,0,0,0,1,0,0,0,7/1/2006,6/30/2007,1/1/1901,33
848,0,1,1,0,0,0,0,0,0,0,0,0,4,3,18.5584,44.99,26.4316,0.00,0,0,0,0,0,0,0,0,0,0,1,0,0,0,1,0,0,0,1,0,0,0,7/1/2006,6/30/2007,1/1/1901,33
849,0,1,0,1,0,0,0,0,0,0,0,0,4,3,24.7459,59.99,35.2441,0.00,0,1,0,0,0,0,0,0,0,0,0,1,0,0,1,0,0,0,0,0,0,1,7/1/2006,6/30/2007,1/1/1901,22
850,0,1,0,1,0,0,0,0,0,0,0,0,4,3,24.7459,59.99,35.2441,0.00,0,0,1,0,0,0,0,0,0,0,0,1,0,0,1,0,0,0,0,0,0,1,7/1/2006,6/30/2007,1/1/1901,22
851,0,1,0,1,0,0,0,0,0,0,0,0,4,3,24.7459,59.99,35.2441,0.00,0,0,0,1,0,0,0,0,0,0,0,1,0,0,1,0,0,0,0,0,0,1,7/1/2006,6/30/2007,1/1/1901,22
852,0,1,0,1,0,0,0,0,0,0,0,0,4,3,30.9334,74.99,44.0566,0.00,1,0,0,0,0,0,0,0,0,0,0,1,0,0,1,0,0,0,0,0,1,0,7/1/2006,6/30/2007,1/1/1901,24
853,0,1,0,1,0,0,0,0,0,0,0,0,4,3,30.9334,74.99,44.0566,0.00,0,1,0,0,0,0,0,0,0,0,0,1,0,0,1,0,0,0,0,0,1,0,7/1/2006,6/30/2007,1/1/1901,24
854,0,1,0,1,0,0,0,0,0,0,0,0,4,3,30.9334,74.99,44.0566,0.00,0,0,1,0,0,0,0,0,0,0,0,1,0,0,1,0,0,0,0,0,1,0,7/1/2006,6/30/2007,1/1/1901,24
855,0,1,0,0,0,0,0,0,1,0,0,0,4,3,37.1209,89.99,52.8691,0.00,1,0,0,0,0,0,0,0,0,0,0,1,0,0,1,0,0,0,0,0,0,1,7/1/2006,6/30/2007,1/1/1901,18
856,0,1,0,0,0,0,0,0,1,0,0,0,4,3,37.1209,89.99,52.8691,0.00,0,1,0,0,0,0,0,0,0,0,0,1,0,0,1,0,0,0,0,0,0,1,7/1/2006,6/30/2007,1/1/1901,18
857,0,1,0,0,0,0,0,0,1,0,0,0,4,3,37.1209,89.99,52.8691,0.00,0,0,1,0,0,0,0,0,0,0,0,1,0,0,1,0,0,0,0,0,0,1,7/1/2006,6/30/2007,1/1/1901,18
858,0,1,0,1,0,0,0,0,0,0,0,0,4,3,9.1593,24.49,15.3307,0.00,1,0,0,0,0,0,0,0,0,0,0,1,0,0,1,0,0,0,0,1,0,0,7/1/2006,1/1/1901,1/1/1901,20
859,0,1,0,1,0,0,0,0,0,0,0,0,4,3,9.1593,24.49,15.3307,0.00,0,1,0,0,0,0,0,0,0,0,0,1,0,0,1,0,0,0,0,1,0,0,7/1/2006,1/1/1901,1/1/1901,20
860,0,1,0,1,0,0,0,0,0,0,0,0,4,3,9.1593,24.49,15.3307,0.00,0,0,1,0,0,0,0,0,0,0,0,1,0,0,1,0,0,0,0,1,0,0,7/1/2006,1/1/1901,1/1/1901,20
861,0,1,0,1,0,0,0,0,0,0,0,0,4,3,15.6709,37.99,22.3191,0.00,1,0,0,0,0,0,0,0,0,0,0,0,1,0,1,0,0,0,0,1,0,0,7/1/2006,6/30/2007,1/1/1901,20
862,0,1,0,1,0,0,0,0,0,0,0,0,4,3,15.6709,37.99,22.3191,0.00,0,1,0,0,0,0,0,0,0,0,0,0,1,0,1,0,0,0,0,1,0,0,7/1/2006,6/30/2007,1/1/1901,20
863,0,1,0,1,0,0,0,0,0,0,0,0,4,3,15.6709,37.99,22.3191,0.00,0,0,1,0,0,0,0,0,0,0,0,0,1,0,1,0,0,0,0,1,0,0,7/1/2006,6/30/2007,1/1/1901,20
864,0,1,0,0,0,0,0,1,0,0,0,0,4,3,23.749,63.5,39.751,0.00,1,0,0,0,0,0,0,0,0,0,0,1,0,0,1,0,0,0,0,1,0,0,7/1/2007,1/1/1901,1/1/1901,25
865,0,1,0,0,0,0,0,1,0,0,0,0,4,3,23.749,63.5,39.751,0.00,0,1,0,0,0,0,0,0,0,0,0,1,0,0,1,0,0,0,0,1,0,0,7/1/2007,1/1/1901,1/1/1901,25
866,0,1,0,0,0,0,0,1,0,0,0,0,4,3,23.749,63.5,39.751,0.00,0,0,1,0,0,0,0,0,0,0,0,1,0,0,1,0,0,0,0,1,0,0,7/1/2007,1/1/1901,1/1/1901,25
867,0,1,0,1,0,0,0,0,0,0,0,0,4,3,26.1763,69.99,43.8137,0.00,1,0,0,0,0,0,0,0,0,0,0,0,1,0,1,0,0,0,0,0,1,0,7/1/2007,1/1/1901,1/1/1901,22
868,0,1,0,1,0,0,0,0,0,0,0,0,4,3,26.1763,69.99,43.8137,0.00,0,1,0,0,0,0,0,0,0,0,0,0,1,0,1,0,0,0,0,0,1,0,7/1/2007,1/1/1901,1/1/1901,22
869,0,1,0,1,0,0,0,0,0,0,0,0,4,3,26.1763,69.99,43.8137,0.00,0,0,1,0,0,0,0,0,0,0,0,0,1,0,1,0,0,0,0,0,1,0,7/1/2007,1/1/1901,1/1/1901,22
870,0,1,1,0,0,0,0,0,0,0,0,0,4,3,1.8663,4.99,3.1237,0.00,0,0,0,0,0,0,0,0,0,0,0,1,0,0,1,0,0,0,1,0,0,0,7/1/2007,1/1/1901,1/1/1901,28
871,0,1,1,0,0,0,0,0,0,0,0,0,4,3,3.7363,9.99,6.2537,0.00,0,0,0,0,0,0,0,0,0,0,0,0,1,0,1,0,0,0,1,0,0,0,7/1/2007,1/1/1901,1/1/1901,28
872,0,1,1,0,0,0,0,0,0,0,0,0,4,3,3.3623,8.99,5.6277,0.00,0,0,0,0,0,0,0,0,0,0,1,0,0,0,1,0,0,0,1,0,0,0,7/1/2007,1/1/1901,1/1/1901,28
873,0,1,1,0,0,0,0,0,0,0,0,0,4,3,0.8565,2.29,1.4335,0.00,0,0,0,0,0,0,0,0,0,0,0,1,0,0,1,0,0,0,1,0,0,0,7/1/2007,1/1/1901,1/1/1901,37
874,0,1,0,0,0,0,1,0,0,0,0,0,4,3,3.3623,8.99,5.6277,0.00,0,1,0,0,0,0,0,0,0,0,1,0,0,0,1,0,0,0,0,1,0,0,7/1/2007,1/1/1901,1/1/1901,23
875,0,1,0,0,0,0,1,0,0,0,0,0,4,3,3.3623,8.99,5.6277,0.00,0,0,1,0,0,0,0,0,0,0,1,0,0,0,1,0,0,0,0,1,0,0,7/1/2007,1/1/1901,1/1/1901,23
876,0,1,1,0,0,0,0,0,0,0,0,0,4,3,44.88,120,75.12,0.00,0,0,0,0,0,0,0,0,0,0,0,1,0,0,1,0,0,0,1,0,0,0,7/1/2007,1/1/1901,1/1/1901,26
877,0,1,1,0,0,0,0,0,0,0,0,0,4,3,2.9733,7.95,4.9767,0.00,0,0,0,0,0,0,0,0,0,0,0,1,0,0,1,0,0,0,1,0,0,0,7/1/2007,1/1/1901,1/1/1901,29
878,0,1,1,0,0,0,0,0,0,0,0,0,4,3,8.2205,21.98,13.7595,0.00,0,0,0,0,0,0,0,0,0,0,0,0,1,0,1,0,0,0,1,0,0,0,7/1/2007,1/1/1901,1/1/1901,30
879,0,1,1,0,0,0,0,0,0,0,0,0,4,3,59.466,159,99.534,0.00,0,0,0,0,0,0,0,0,0,0,0,0,1,0,1,0,0,0,1,0,0,0,7/1/2007,1/1/1901,1/1/1901,27
880,0,1,0,0,1,0,0,0,0,0,0,0,4,3,20.5663,54.99,34.4237,70.00,0,0,0,0,0,0,0,0,0,0,0,1,0,0,1,0,0,0,1,0,0,0,7/1/2007,1/1/1901,1/1/1901,32
881,0,1,0,0,0,0,0,0,0,1,0,0,4,3,41.5723,53.99,12.4177,0.00,1,0,0,0,0,0,0,0,0,0,0,1,0,0,1,0,0,0,0,1,0,0,7/1/2007,1/1/1901,1/1/1901,21
882,0,1,0,0,0,0,0,0,0,1,0,0,4,3,41.5723,53.99,12.4177,0.00,0,1,0,0,0,0,0,0,0,0,0,1,0,0,1,0,0,0,0,1,0,0,7/1/2007,1/1/1901,1/1/1901,21
883,0,1,0,0,0,0,0,0,0,1,0,0,4,3,41.5723,53.99,12.4177,0.00,0,0,1,0,0,0,0,0,0,0,0,1,0,0,1,0,0,0,0,1,0,0,7/1/2007,1/1/1901,1/1/1901,21
884,0,1,0,0,0,0,0,0,0,1,0,0,4,3,41.5723,53.99,12.4177,0.00,0,0,0,1,0,0,0,0,0,0,0,1,0,0,1,0,0,0,0,1,0,0,7/1/2007,1/1/1901,1/1/1901,21
885,1,1,0,0,0,0,0,0,0,1,0,0,500,375,601.7437,1003.91,402.1663,60.00,0,0,0,0,1,1,0,3.08,1,0,0,0,0,1,0,0,0,1,0,1,0,0,7/1/2007,1/1/1901,1/1/1901,16
886,1,1,0,0,0,0,0,0,0,1,0,0,500,375,199.8519,333.42,133.5681,62.00,0,0,0,0,1,1,0,3.2,1,0,0,0,0,1,0,1,0,0,0,1,0,0,7/1/2007,1/1/1901,1/1/1901,16
887,1,1,0,0,0,0,0,0,0,1,0,0,500,375,601.7437,1003.91,402.1663,46.00,0,0,0,0,1,1,0,2.96,1,0,0,0,0,1,0,0,0,1,0,1,0,0,7/1/2007,1/1/1901,1/1/1901,16
888,1,1,0,0,0,0,0,0,0,1,0,0,500,375,601.7437,1003.91,402.1663,50.00,0,0,0,0,1,1,0,3,1,0,0,0,0,1,0,0,0,1,0,1,0,0,7/1/2007,1/1/1901,1/1/1901,16
889,1,1,0,0,0,0,0,0,0,1,0,0,500,375,601.7437,1003.91,402.1663,54.00,0,0,0,0,1,1,0,3.04,1,0,0,0,0,1,0,0,0,1,0,1,0,0,7/1/2007,1/1/1901,1/1/1901,16
890,1,1,0,0,0,0,0,1,0,0,0,0,500,375,601.7437,1003.91,402.1663,46.00,0,0,0,0,1,1,0,2.96,1,0,0,0,0,1,0,0,0,1,0,1,0,0,7/1/2007,1/1/1901,1/1/1901,16
891,1,1,0,0,0,0,0,1,0,0,0,0,500,375,601.7437,1003.91,402.1663,50.00,0,0,0,0,1,1,0,3,1,0,0,0,0,1,0,0,0,1,0,1,0,0,7/1/2007,1/1/1901,1/1/1901,16
892,1,1,0,0,0,0,0,1,0,0,0,0,500,375,601.7437,1003.91,402.1663,54.00,0,0,0,0,1,1,0,3.04,1,0,0,0,0,1,0,0,0,1,0,1,0,0,7/1/2007,1/1/1901,1/1/1901,16
893,1,1,0,0,0,0,0,1,0,0,0,0,500,375,601.7437,1003.91,402.1663,60.00,0,0,0,0,1,1,0,3.08,1,0,0,0,0,1,0,0,0,1,0,1,0,0,7/1/2007,1/1/1901,1/1/1901,16
894,1,1,0,0,1,0,0,0,0,0,0,0,500,375,53.9282,121.46,67.5318,0.00,0,0,0,0,0,0,1,215,1,1,0,0,0,0,1,0,0,0,1,0,0,0,7/1/2007,1/1/1901,1/1/1901,9
895,1,1,0,0,0,0,0,1,0,0,0,0,500,375,199.8519,333.42,133.5681,50.00,0,0,0,0,1,1,0,3.1,1,0,0,0,0,1,0,1,0,0,0,1,0,0,7/1/2007,1/1/1901,1/1/1901,16
896,1,1,0,0,0,0,0,1,0,0,0,0,500,375,199.8519,333.42,133.5681,54.00,0,0,0,0,1,1,0,3.14,1,0,0,0,0,1,0,1,0,0,0,1,0,0,7/1/2007,1/1/1901,1/1/1901,16
897,1,1,0,0,0,0,0,1,0,0,0,0,500,375,199.8519,333.42,133.5681,58.00,0,0,0,0,1,1,0,3.16,1,0,0,0,0,1,0,1,0,0,0,1,0,0,7/1/2007,1/1/1901,1/1/1901,16
898,1,1,0,0,0,0,0,1,0,0,0,0,500,375,199.8519,333.42,133.5681,62.00,0,0,0,0,1,1,0,3.2,1,0,0,0,0,1,0,1,0,0,0,1,0,0,7/1/2007,1/1/1901,1/1/1901,16
899,1,1,0,0,0,0,0,0,0,1,0,0,500,375,199.8519,333.42,133.5681,44.00,0,0,0,0,1,1,0,3.02,1,0,0,0,0,1,0,1,0,0,0,1,0,0,7/1/2007,1/1/1901,1/1/1901,16
900,1,1,0,0,0,0,0,0,0,1,0,0,500,375,199.8519,333.42,133.5681,50.00,0,0,0,0,1,1,0,3.1,1,0,0,0,0,1,0,1,0,0,0,1,0,0,7/1/2007,1/1/1901,1/1/1901,16
901,1,1,0,0,0,0,0,0,0,1,0,0,500,375,199.8519,333.42,133.5681,54.00,0,0,0,0,1,1,0,3.14,1,0,0,0,0,1,0,1,0,0,0,1,0,0,7/1/2007,1/1/1901,1/1/1901,16
902,1,1,0,0,0,0,0,0,0,1,0,0,500,375,199.8519,333.42,133.5681,58.00,0,0,0,0,1,1,0,3.16,1,0,0,0,0,1,0,1,0,0,0,1,0,0,7/1/2007,1/1/1901,1/1/1901,16
903,1,1,0,0,0,0,0,1,0,0,0,0,500,375,199.8519,333.42,133.5681,44.00,0,0,0,0,1,1,0,3.02,1,0,0,0,0,1,0,1,0,0,0,1,0,0,7/1/2007,1/1/1901,1/1/1901,16
904,1,1,0,0,1,0,0,0,0,0,0,0,500,375,199.3757,364.09,164.7143,40.00,0,0,0,0,1,1,0,2.77,1,0,0,0,1,0,0,0,1,0,0,0,1,0,7/1/2007,1/1/1901,1/1/1901,12
905,1,1,0,0,1,0,0,0,0,0,0,0,500,375,199.3757,364.09,164.7143,42.00,0,0,0,0,1,1,0,2.81,1,0,0,0,1,0,0,0,1,0,0,0,1,0,7/1/2007,1/1/1901,1/1/1901,12
906,1,1,0,0,1,0,0,0,0,0,0,0,500,375,199.3757,364.09,164.7143,46.00,0,0,0,0,1,1,0,2.85,1,0,0,0,1,0,0,0,1,0,0,0,1,0,7/1/2007,1/1/1901,1/1/1901,12
907,0,1,0,0,1,0,0,0,0,0,0,0,500,375,47.286,106.5,59.214,0.00,0,0,0,0,0,0,1,317,1,1,0,0,0,0,1,0,0,0,1,0,0,0,7/1/2007,1/1/1901,1/1/1901,6
908,0,1,1,0,0,0,0,0,0,0,0,0,500,375,12.0413,27.12,15.0787,0.00,0,0,0,0,0,0,0,0,1,0,0,0,1,0,0,1,0,0,1,0,0,0,7/1/2007,1/1/1901,1/1/1901,15
909,0,1,1,0,0,0,0,0,0,0,0,0,500,375,17.3782,39.14,21.7618,0.00,0,0,0,0,0,0,0,0,1,0,0,0,1,0,0,0,1,0,1,0,0,0,7/1/2007,1/1/1901,1/1/1901,15
910,0,1,1,0,0,0,0,0,0,0,0,0,500,375,23.3722,52.64,29.2678,0.00,0,0,0,0,0,0,0,0,1,0,0,0,1,0,0,0,0,1,1,0,0,0,7/1/2007,1/1/1901,1/1/1901,15
911,0,1,1,0,0,0,0,0,0,0,0,0,500,375,12.0413,27.12,15.0787,0.00,0,0,0,0,0,0,0,0,1,0,1,0,0,0,0,1,0,0,1,0,0,0,7/1/2007,1/1/1901,1/1/1901,15
912,0,1,1,0,0,0,0,0,0,0,0,0,500,375,17.3782,39.14,21.7618,0.00,0,0,0,0,0,0,0,0,1,0,0,0,0,1,0,0,1,0,1,0,0,0,7/1/2007,1/1/1901,1/1/1901,15
913,0,1,1,0,0,0,0,0,0,0,0,0,500,375,23.3722,52.64,29.2678,0.00,0,0,0,0,0,0,0,0,1,0,1,0,0,0,0,0,0,1,1,0,0,0,7/1/2007,1/1/1901,1/1/1901,15
914,0,1,1,0,0,0,0,0,0,0,0,0,500,375,12.0413,27.12,15.0787,0.00,0,0,0,0,0,0,0,0,1,0,0,0,0,1,0,1,0,0,1,0,0,0,7/1/2007,1/1/1901,1/1/1901,15
915,0,1,1,0,0,0,0,0,0,0,0,0,500,375,17.3782,39.14,21.7618,0.00,0,0,0,0,0,0,0,0,1,0,0,0,0,1,0,0,1,0,1,0,0,0,7/1/2007,1/1/1901,1/1/1901,15
916,0,1,1,0,0,0,0,0,0,0,0,0,500,375,23.3722,52.64,29.2678,0.00,0,0,0,0,0,0,0,0,1,0,0,0,0,1,0,0,0,1,1,0,0,0,7/1/2007,1/1/1901,1/1/1901,15
917,1,1,0,0,1,0,0,0,0,0,0,0,500,375,144.5938,264.05,119.4562,42.00,0,0,0,0,1,1,0,2.92,1,0,0,0,1,0,0,1,0,0,0,1,0,0,7/1/2007,1/1/1901,1/1/1901,12
918,1,1,0,0,1,0,0,0,0,0,0,0,500,375,144.5938,264.05,119.4562,44.00,0,0,0,0,1,1,0,2.96,1,0,0,0,1,0,0,1,0,0,0,1,0,0,7/1/2007,1/1/1901,1/1/1901,12
919,1,1,0,0,1,0,0,0,0,0,0,0,500,375,144.5938,264.05,119.4562,48.00,0,0,0,0,1,1,0,3,1,0,0,0,1,0,0,1,0,0,0,1,0,0,7/1/2007,1/1/1901,1/1/1901,12
920,1,1,0,0,1,0,0,0,0,0,0,0,500,375,144.5938,264.05,119.4562,52.00,0,0,0,0,1,1,0,3.04,1,0,0,0,1,0,0,1,0,0,0,1,0,0,7/1/2007,1/1/1901,1/1/1901,12
921,0,1,1,0,0,0,0,0,0,0,0,0,500,375,1.8663,4.99,3.1237,0.00,0,0,0,0,0,0,0,0,0,0,0,0,1,0,1,0,0,0,1,0,0,0,7/1/2007,1/1/1901,1/1/1901,37
922,0,1,1,0,0,0,0,0,0,0,0,0,500,375,1.4923,3.99,2.4977,0.00,0,0,0,0,0,0,0,0,0,0,1,0,0,0,1,0,0,0,1,0,0,0,7/1/2007,1/1/1901,1/1/1901,37
923,0,1,1,0,0,0,0,0,0,0,0,0,500,375,1.8663,4.99,3.1237,0.00,0,0,0,0,0,0,0,0,0,0,0,0,0,1,1,0,0,0,1,0,0,0,7/1/2007,1/1/1901,1/1/1901,37
924,1,1,0,1,0,0,0,0,0,0,0,0,500,375,136.785,249.79,113.005,42.00,0,0,0,0,1,1,0,2.92,1,0,0,0,1,0,0,1,0,0,0,1,0,0,7/1/2007,1/1/1901,1/1/1901,12
925,1,1,0,1,0,0,0,0,0,0,0,0,500,375,136.785,249.79,113.005,44.00,0,0,0,0,1,1,0,2.96,1,0,0,0,1,0,0,1,0,0,0,1,0,0,7/1/2007,1/1/1901,1/1/1901,12
926,1,1,0,1,0,0,0,0,0,0,0,0,500,375,136.785,249.79,113.005,48.00,0,0,0,0,1,1,0,3,1,0,0,0,1,0,0,1,0,0,0,1,0,0,7/1/2007,1/1/1901,1/1/1901,12
927,1,1,0,1,0,0,0,0,0,0,0,0,500,375,136.785,249.79,113.005,52.00,0,0,0,0,1,1,0,3.04,1,0,0,0,1,0,0,1,0,0,0,1,0,0,7/1/2007,1/1/1901,1/1/1901,12
928,0,1,1,0,0,0,0,0,0,0,0,0,500,375,9.3463,24.99,15.6437,0.00,0,0,0,0,0,0,0,0,0,0,0,0,1,0,0,1,0,0,1,0,0,0,7/1/2007,1/1/1901,1/1/1901,37
929,0,1,1,0,0,0,0,0,0,0,0,0,500,375,11.2163,29.99,18.7737,0.00,0,0,0,0,0,0,0,0,0,0,0,0,1,0,0,0,1,0,1,0,0,0,7/1/2007,1/1/1901,1/1/1901,37
930,0,1,1,0,0,0,0,0,0,0,0,0,500,375,13.09,35,21.91,0.00,0,0,0,0,0,0,0,0,0,0,0,0,1,0,0,0,0,1,1,0,0,0,7/1/2007,1/1/1901,1/1/1901,37
931,0,1,1,0,0,0,0,0,0,0,0,0,500,375,8.0373,21.49,13.4527,0.00,0,0,0,0,0,0,0,0,0,0,1,0,0,0,0,1,0,0,1,0,0,0,7/1/2007,1/1/1901,1/1/1901,37
932,0,1,1,0,0,0,0,0,0,0,0,0,500,375,9.3463,24.99,15.6437,0.00,0,0,0,0,0,0,0,0,0,0,1,0,0,0,0,0,1,0,1,0,0,0,7/1/2007,1/1/1901,1/1/1901,37
933,0,1,1,0,0,0,0,0,0,0,0,0,500,375,12.1924,32.6,20.4076,0.00,0,0,0,0,0,0,0,0,0,0,1,0,0,0,0,0,0,1,1,0,0,0,7/1/2007,1/1/1901,1/1/1901,37
934,0,1,1,0,0,0,0,0,0,0,0,0,500,375,10.8423,28.99,18.1477,0.00,0,0,0,0,0,0,0,0,0,0,0,0,0,1,1,0,0,0,1,0,0,0,7/1/2007,1/1/1901,1/1/1901,37
935,0,1,0,0,0,0,0,0,0,0,0,1,500,375,17.9776,40.49,22.5124,0.00,0,0,0,0,0,0,1,218,1,0,0,0,1,0,0,1,0,0,1,0,0,0,7/1/2007,1/1/1901,1/1/1901,13
936,0,1,0,0,0,0,0,0,0,0,0,1,500,375,27.568,62.09,34.522,0.00,0,0,0,0,0,0,1,215,1,0,0,0,1,0,0,0,1,0,1,0,0,0,7/1/2007,1/1/1901,1/1/1901,13
937,0,1,0,0,0,0,0,0,0,0,0,1,500,375,35.9596,80.99,45.0304,0.00,0,0,0,0,0,0,1,185,1,0,0,0,1,0,0,0,0,1,1,0,0,0,7/1/2007,1/1/1901,1/1/1901,13
938,0,1,0,0,0,0,0,0,0,0,0,1,500,375,17.9776,40.49,22.5124,0.00,0,0,0,0,0,0,1,189,1,0,1,0,0,0,0,1,0,0,1,0,0,0,7/1/2007,1/1/1901,1/1/1901,13
939,0,1,0,0,0,0,0,0,0,0,0,1,500,375,27.568,62.09,34.522,0.00,0,0,0,0,0,0,1,168,1,0,1,0,0,0,0,0,1,0,1,0,0,0,7/1/2007,1/1/1901,1/1/1901,13
940,0,1,0,0,0,0,0,0,0,0,0,1,500,375,35.9596,80.99,45.0304,0.00,0,0,0,0,0,0,1,149,1,0,1,0,0,0,0,0,0,1,1,0,0,0,7/1/2007,1/1/1901,1/1/1901,13
941,0,1,0,0,0,0,0,0,0,0,0,1,500,375,35.9596,80.99,45.0304,0.00,0,0,0,0,0,0,0,0,1,0,0,0,0,1,1,0,0,0,1,0,0,0,7/1/2007,1/1/1901,1/1/1901,13
942,1,1,0,0,1,0,0,0,0,0,0,0,500,375,199.3757,364.09,164.7143,38.00,0,0,0,0,1,1,0,2.73,2,0,0,0,1,0,0,0,1,0,0,0,1,0,7/1/2007,1/1/1901,1/1/1901,12
943,1,1,0,1,0,0,0,0,0,0,0,0,500,375,136.785,249.79,113.005,40.00,0,0,0,0,1,1,0,2.88,2,0,0,0,1,0,0,1,0,0,0,1,0,0,7/1/2007,1/1/1901,1/1/1901,12
944,1,1,0,0,1,0,0,0,0,0,0,0,500,375,144.5938,264.05,119.4562,40.00,0,0,0,0,1,1,0,2.88,2,0,0,0,1,0,0,1,0,0,0,1,0,0,7/1/2007,1/1/1901,1/1/1901,12
945,1,1,0,0,1,0,0,0,0,0,0,0,500,375,40.6216,91.49,50.8684,0.00,0,0,0,0,0,0,1,88,1,1,0,0,0,0,1,0,0,0,1,0,0,0,7/1/2007,1/1/1901,1/1/1901,9
946,1,1,1,0,0,0,0,0,0,0,0,0,500,375,20.464,46.09,25.626,0.00,0,0,0,0,0,0,0,0,1,0,0,0,0,1,0,1,0,0,1,0,0,0,7/1/2007,1/1/1901,1/1/1901,4
947,1,1,1,0,0,0,0,0,0,0,0,0,500,375,40.6571,91.57,50.9129,0.00,0,0,0,0,0,0,0,0,1,0,0,0,0,1,0,0,0,1,1,0,0,0,7/1/2007,1/1/1901,1/1/1901,4
948,0,1,0,0,1,0,0,0,0,0,0,0,500,375,47.286,106.5,59.214,0.00,0,0,0,0,0,0,1,317,1,1,0,0,0,0,1,0,0,0,1,0,0,0,7/1/2007,1/1/1901,1/1/1901,6
949,1,1,0,1,0,0,0,0,0,0,0,0,500,375,77.9176,175.49,97.5724,0.00,0,0,0,0,0,0,1,600,1,1,0,0,0,0,0,1,0,0,1,0,0,0,7/1/2007,1/1/1901,1/1/1901,8
950,1,1,0,1,0,0,0,0,0,0,0,0,500,375,113.8816,256.49,142.6084,0.00,0,0,0,0,0,0,1,635,1,1,0,0,0,0,0,0,1,0,1,0,0,0,7/1/2007,1/1/1901,1/1/1901,8
951,1,1,0,1,0,0,0,0,0,0,0,0,500,375,179.8156,404.99,225.1744,0.00,0,0,0,0,0,0,1,575,1,1,0,0,0,0,0,0,0,1,1,0,0,0,7/1/2007,1/1/1901,1/1/1901,8
952,0,1,0,0,1,0,0,0,0,0,0,0,500,375,8.9866,20.24,11.2534,0.00,0,0,0,0,0,0,0,0,1,1,0,0,0,0,1,0,0,0,1,0,0,0,7/1/2007,1/1/1901,1/1/1901,7
953,1,1,0,0,0,0,0,1,0,0,0,0,100,75,755.1508,1214.85,459.6992,60.00,0,0,0,0,1,1,0,27.9,4,0,0,0,0,1,0,0,1,0,0,1,0,0,7/1/2007,1/1/1901,1/1/1901,3
954,1,1,0,0,0,0,0,0,0,1,0,0,100,75,1481.9379,2384.07,902.1321,46.00,0,0,0,0,1,1,0,25.13,4,0,0,0,0,1,0,0,0,1,0,1,0,0,7/1/2007,1/1/1901,1/1/1901,3
955,1,1,0,0,0,0,0,0,0,1,0,0,100,75,1481.9379,2384.07,902.1321,50.00,0,0,0,0,1,1,0,25.42,4,0,0,0,0,1,0,0,0,1,0,1,0,0,7/1/2007,1/1/1901,1/1/1901,3
956,1,1,0,0,0,0,0,0,0,1,0,0,100,75,1481.9379,2384.07,902.1321,54.00,0,0,0,0,1,1,0,25.68,4,0,0,0,0,1,0,0,0,1,0,1,0,0,7/1/2007,1/1/1901,1/1/1901,3
957,1,1,0,0,0,0,0,0,0,1,0,0,100,75,1481.9379,2384.07,902.1321,60.00,0,0,0,0,1,1,0,25.9,4,0,0,0,0,1,0,0,0,1,0,1,0,0,7/1/2007,1/1/1901,1/1/1901,3
958,1,1,0,0,0,0,0,1,0,0,0,0,100,75,461.4448,742.35,280.9052,54.00,0,0,0,0,1,1,0,29.68,4,0,0,0,0,1,0,1,0,0,0,1,0,0,7/1/2007,1/1/1901,1/1/1901,3
959,1,1,0,0,0,0,0,1,0,0,0,0,100,75,461.4448,742.35,280.9052,58.00,0,0,0,0,1,1,0,29.9,4,0,0,0,0,1,0,1,0,0,0,1,0,0,7/1/2007,1/1/1901,1/1/1901,3
960,1,1,0,0,0,0,0,1,0,0,0,0,100,75,461.4448,742.35,280.9052,62.00,0,0,0,0,1,1,0,30,4,0,0,0,0,1,0,1,0,0,0,1,0,0,7/1/2007,1/1/1901,1/1/1901,3
961,1,1,0,0,0,0,0,0,0,1,0,0,100,75,461.4448,742.35,280.9052,44.00,0,0,0,0,1,1,0,28.77,4,0,0,0,0,1,0,1,0,0,0,1,0,0,7/1/2007,1/1/1901,1/1/1901,3
962,1,1,0,0,0,0,0,0,0,1,0,0,100,75,461.4448,742.35,280.9052,50.00,0,0,0,0,1,1,0,29.13,4,0,0,0,0,1,0,1,0,0,0,1,0,0,7/1/2007,1/1/1901,1/1/1901,3
963,1,1,0,0,0,0,0,0,0,1,0,0,100,75,461.4448,742.35,280.9052,54.00,0,0,0,0,1,1,0,29.42,4,0,0,0,0,1,0,1,0,0,0,1,0,0,7/1/2007,1/1/1901,1/1/1901,3
964,1,1,0,0,0,0,0,0,0,1,0,0,100,75,461.4448,742.35,280.9052,58.00,0,0,0,0,1,1,0,29.79,4,0,0,0,0,1,0,1,0,0,0,1,0,0,7/1/2007,1/1/1901,1/1/1901,3
965,1,1,0,0,0,0,0,0,0,1,0,0,100,75,461.4448,742.35,280.9052,62.00,0,0,0,0,1,1,0,30,4,0,0,0,0,1,0,1,0,0,0,1,0,0,7/1/2007,1/1/1901,1/1/1901,3
966,1,1,0,0,0,0,0,1,0,0,0,0,100,75,1481.9379,2384.07,902.1321,46.00,0,0,0,0,1,1,0,25.13,4,0,0,0,0,1,0,0,0,1,0,1,0,0,7/1/2007,1/1/1901,1/1/1901,3
967,1,1,0,0,0,0,0,1,0,0,0,0,100,75,1481.9379,2384.07,902.1321,50.00,0,0,0,0,1,1,0,25.42,4,0,0,0,0,1,0,0,0,1,0,1,0,0,7/1/2007,1/1/1901,1/1/1901,3
968,1,1,0,0,0,0,0,1,0,0,0,0,100,75,1481.9379,2384.07,902.1321,54.00,0,0,0,0,1,1,0,25.68,4,0,0,0,0,1,0,0,0,1,0,1,0,0,7/1/2007,1/1/1901,1/1/1901,3
969,1,1,0,0,0,0,0,1,0,0,0,0,100,75,1481.9379,2384.07,902.1321,60.00,0,0,0,0,1,1,0,25.9,4,0,0,0,0,1,0,0,0,1,0,1,0,0,7/1/2007,1/1/1901,1/1/1901,3
970,1,1,0,0,0,0,0,1,0,0,0,0,100,75,755.1508,1214.85,459.6992,46.00,0,0,0,0,1,1,0,27.13,4,0,0,0,0,1,0,0,1,0,0,1,0,0,7/1/2007,1/1/1901,1/1/1901,3
971,1,1,0,0,0,0,0,1,0,0,0,0,100,75,755.1508,1214.85,459.6992,50.00,0,0,0,0,1,1,0,27.42,4,0,0,0,0,1,0,0,1,0,0,1,0,0,7/1/2007,1/1/1901,1/1/1901,3
972,1,1,0,0,0,0,0,1,0,0,0,0,100,75,755.1508,1214.85,459.6992,54.00,0,0,0,0,1,1,0,27.68,4,0,0,0,0,1,0,0,1,0,0,1,0,0,7/1/2007,1/1/1901,1/1/1901,3
973,1,1,0,0,0,0,0,0,0,1,0,0,100,75,1082.51,1700.99,618.48,40.00,0,0,0,0,1,1,0,15.35,4,0,1,0,0,0,0,0,1,0,0,0,1,0,7/1/2007,1/1/1901,1/1/1901,2
974,1,1,0,0,0,0,0,0,0,1,0,0,100,75,1082.51,1700.99,618.48,42.00,0,0,0,0,1,1,0,15.77,4,0,1,0,0,0,0,0,1,0,0,0,1,0,7/1/2007,1/1/1901,1/1/1901,2
975,1,1,0,0,0,0,0,0,0,1,0,0,100,75,1082.51,1700.99,618.48,44.00,0,0,0,0,1,1,0,16.13,4,0,1,0,0,0,0,0,1,0,0,0,1,0,7/1/2007,1/1/1901,1/1/1901,2
976,1,1,0,0,0,0,0,0,0,1,0,0,100,75,1082.51,1700.99,618.48,48.00,0,0,0,0,1,1,0,16.42,4,0,1,0,0,0,0,0,1,0,0,0,1,0,7/1/2007,1/1/1901,1/1/1901,2
977,1,1,0,1,0,0,0,0,0,0,0,0,100,75,343.6496,539.99,196.3404,58.00,0,0,0,0,1,1,0,20.79,4,0,1,0,0,0,0,1,0,0,0,1,0,0,7/1/2007,1/1/1901,1/1/1901,2
978,1,1,0,0,0,0,0,1,0,0,0,0,100,75,461.4448,742.35,280.9052,44.00,0,0,0,0,1,1,0,28.77,4,0,0,0,0,1,0,1,0,0,0,1,0,0,7/1/2007,1/1/1901,1/1/1901,3
979,1,1,0,0,0,0,0,1,0,0,0,0,100,75,461.4448,742.35,280.9052,50.00,0,0,0,0,1,1,0,29.13,4,0,0,0,0,1,0,1,0,0,0,1,0,0,7/1/2007,1/1/1901,1/1/1901,3
980,1,1,0,0,1,0,0,0,0,0,0,0,100,75,419.7784,769.49,349.7116,38.00,0,0,0,0,1,1,0,26.35,4,0,0,0,1,0,0,0,1,0,0,0,1,0,7/1/2007,1/1/1901,1/1/1901,1
981,1,1,0,0,1,0,0,0,0,0,0,0,100,75,419.7784,769.49,349.7116,40.00,0,0,0,0,1,1,0,26.77,4,0,0,0,1,0,0,0,1,0,0,0,1,0,7/1/2007,1/1/1901,1/1/1901,1
982,1,1,0,0,1,0,0,0,0,0,0,0,100,75,419.7784,769.49,349.7116,42.00,0,0,0,0,1,1,0,27.13,4,0,0,0,1,0,0,0,1,0,0,0,1,0,7/1/2007,1/1/1901,1/1/1901,1
983,1,1,0,0,1,0,0,0,0,0,0,0,100,75,419.7784,769.49,349.7116,46.00,0,0,0,0,1,1,0,27.42,4,0,0,0,1,0,0,0,1,0,0,0,1,0,7/1/2007,1/1/1901,1/1/1901,1
984,1,1,0,0,1,0,0,0,0,0,0,0,100,75,308.2179,564.99,256.7721,40.00,0,0,0,0,1,1,0,27.35,4,0,0,0,1,0,0,1,0,0,0,1,0,0,7/1/2007,1/1/1901,1/1/1901,1
985,1,1,0,0,1,0,0,0,0,0,0,0,100,75,308.2179,564.99,256.7721,42.00,0,0,0,0,1,1,0,27.77,4,0,0,0,1,0,0,1,0,0,0,1,0,0,7/1/2007,1/1/1901,1/1/1901,1
986,1,1,0,0,1,0,0,0,0,0,0,0,100,75,308.2179,564.99,256.7721,44.00,0,0,0,0,1,1,0,28.13,4,0,0,0,1,0,0,1,0,0,0,1,0,0,7/1/2007,1/1/1901,1/1/1901,1
987,1,1,0,0,1,0,0,0,0,0,0,0,100,75,308.2179,564.99,256.7721,48.00,0,0,0,0,1,1,0,28.42,4,0,0,0,1,0,0,1,0,0,0,1,0,0,7/1/2007,1/1/1901,1/1/1901,1
988,1,1,0,0,1,0,0,0,0,0,0,0,100,75,308.2179,564.99,256.7721,52.00,0,0,0,0,1,1,0,28.68,4,0,0,0,1,0,0,1,0,0,0,1,0,0,7/1/2007,1/1/1901,1/1/1901,1
989,1,1,0,1,0,0,0,0,0,0,0,0,100,75,294.5797,539.99,245.4103,40.00,0,0,0,0,1,1,0,27.35,4,0,0,0,1,0,0,1,0,0,0,1,0,0,7/1/2007,1/1/1901,1/1/1901,1
990,1,1,0,1,0,0,0,0,0,0,0,0,100,75,294.5797,539.99,245.4103,42.00,0,0,0,0,1,1,0,27.77,4,0,0,0,1,0,0,1,0,0,0,1,0,0,7/1/2007,1/1/1901,1/1/1901,1
991,1,1,0,1,0,0,0,0,0,0,0,0,100,75,294.5797,539.99,245.4103,44.00,0,0,0,0,1,1,0,28.13,4,0,0,0,1,0,0,1,0,0,0,1,0,0,7/1/2007,1/1/1901,1/1/1901,1
992,1,1,0,1,0,0,0,0,0,0,0,0,100,75,294.5797,539.99,245.4103,48.00,0,0,0,0,1,1,0,28.42,4,0,0,0,1,0,0,1,0,0,0,1,0,0,7/1/2007,1/1/1901,1/1/1901,1
993,1,1,0,1,0,0,0,0,0,0,0,0,100,75,294.5797,539.99,245.4103,52.00,0,0,0,0,1,1,0,28.68,4,0,0,0,1,0,0,1,0,0,0,1,0,0,7/1/2007,1/1/1901,1/1/1901,1
994,1,1,1,0,0,0,0,0,0,0,0,0,500,375,23.9716,53.99,30.0184,0.00,0,0,0,0,0,0,1,223,1,1,0,0,0,0,0,1,0,0,1,0,0,0,7/1/2007,1/1/1901,1/1/1901,5
995,1,1,1,0,0,0,0,0,0,0,0,0,500,375,44.9506,101.24,56.2894,0.00,0,0,0,0,0,0,1,168,1,1,0,0,0,0,0,0,1,0,1,0,0,0,7/1/2007,1/1/1901,1/1/1901,5
996,1,1,1,0,0,0,0,0,0,0,0,0,500,375,53.9416,121.49,67.5484,0.00,0,0,0,0,0,0,1,170,1,1,0,0,0,0,0,0,0,1,1,0,0,0,7/1/2007,1/1/1901,1/1/1901,5
997,1,1,0,1,0,0,0,0,0,0,0,0,100,75,343.6496,539.99,196.3404,44.00,0,0,0,0,1,1,0,19.77,4,0,1,0,0,0,0,1,0,0,0,1,0,0,7/1/2007,1/1/1901,1/1/1901,2
998,1,1,0,1,0,0,0,0,0,0,0,0,100,75,343.6496,539.99,196.3404,48.00,0,0,0,0,1,1,0,20.13,4,0,1,0,0,0,0,1,0,0,0,1,0,0,7/1/2007,1/1/1901,1/1/1901,2
999,1,1,0,1,0,0,0,0,0,0,0,0,100,75,343.6496,539.99,196.3404,52.00,0,0,0,0,1,1,0,20.42,4,0,1,0,0,0,0,1,0,0,0,1,0,0,7/1/2007,1/1/1901,1/1/1901,2
